route	trip	stop	time
4	119500_4	250S	1464138330 1464137970
4	120150_4	401N	1464138330 1464138304
4	120300_4	250S	1464138330 1464138479
4	120900_4	239S	1464138330 1464138534
4	120900_4	250S	1464138330 1464138744
4	120950_4	409N	1464138330 1464138386
4	120950_4	408N	1464138330 1464138476
4	120950_4	407N	1464138330 1464138536
4	120950_4	406N	1464138330 1464138626
4	120950_4	405N	1464138330 1464138746
4	120950_4	402N	1464138330 1464138866
4	120950_4	401N	1464138330 1464138986
4	121550_4	411N	1464138330 1464138345
4	121550_4	410N	1464138330 1464138405
4	121550_4	409N	1464138330 1464138495
4	121550_4	408N	1464138330 1464138585
4	121550_4	407N	1464138330 1464138645
4	121550_4	406N	1464138330 1464138735
4	121550_4	405N	1464138330 1464138855
4	121550_4	402N	1464138330 1464138975
4	121550_4	401N	1464138330 1464139095
4	121700_4	423S	1464138330 1464138630
4	121700_4	234S	1464138330 1464138750
4	121700_4	235S	1464138330 1464138840
4	121700_4	239S	1464138330 1464139080
4	121700_4	250S	1464138330 1464139290
4	122350_4	416N	1464138330 1464138377
4	122350_4	415N	1464138330 1464138497
4	122350_4	414N	1464138330 1464138647
4	122350_4	413N	1464138330 1464138737
4	122350_4	412N	1464138330 1464138827
4	122350_4	411N	1464138330 1464138887
4	122350_4	410N	1464138330 1464138947
4	122350_4	409N	1464138330 1464139037
4	122350_4	408N	1464138330 1464139127
4	122350_4	407N	1464138330 1464139187
4	122350_4	406N	1464138330 1464139277
4	122350_4	405N	1464138330 1464139397
4	122350_4	402N	1464138330 1464139517
4	122350_4	401N	1464138330 1464139637
4	122350_4	640S	1464138330 1464138425
4	122350_4	418S	1464138330 1464138545
4	122350_4	419S	1464138330 1464138605
4	122350_4	420S	1464138330 1464138695
4	122350_4	423S	1464138330 1464139025
4	122350_4	234S	1464138330 1464139145
4	122350_4	235S	1464138330 1464139235
4	122350_4	239S	1464138330 1464139475
4	122350_4	250S	1464138330 1464139685
4	123100_4	626N	1464138330 1464138401
4	123100_4	621N	1464138330 1464138671
4	123100_4	416N	1464138330 1464138821
4	123100_4	415N	1464138330 1464138941
4	123100_4	414N	1464138330 1464139091
4	123100_4	413N	1464138330 1464139181
4	123100_4	412N	1464138330 1464139271
4	123100_4	411N	1464138330 1464139331
4	123100_4	410N	1464138330 1464139391
4	123100_4	409N	1464138330 1464139481
4	123100_4	408N	1464138330 1464139571
4	123100_4	407N	1464138330 1464139631
4	123100_4	406N	1464138330 1464139721
4	123100_4	405N	1464138330 1464139841
4	123100_4	402N	1464138330 1464139961
4	123100_4	401N	1464138330 1464140081
4	123200_4	631S	1464138330 1464138452
4	123200_4	635S	1464138330 1464138692
4	123200_4	640S	1464138330 1464138962
4	123200_4	418S	1464138330 1464139082
4	123200_4	419S	1464138330 1464139142
4	123200_4	420S	1464138330 1464139232
4	123200_4	423S	1464138330 1464139562
4	123200_4	234S	1464138330 1464139682
4	123200_4	235S	1464138330 1464139772
4	123200_4	239S	1464138330 1464140012
4	123200_4	250S	1464138330 1464140222
4	123700_4	631N	1464138330 1464138426
4	123700_4	629N	1464138330 1464138546
4	123700_4	626N	1464138330 1464138756
4	123700_4	621N	1464138330 1464139026
4	123700_4	416N	1464138330 1464139176
4	123700_4	415N	1464138330 1464139296
4	123700_4	414N	1464138330 1464139446
4	123700_4	413N	1464138330 1464139536
4	123700_4	412N	1464138330 1464139626
4	123700_4	411N	1464138330 1464139686
4	123700_4	410N	1464138330 1464139746
4	123700_4	409N	1464138330 1464139836
4	123700_4	408N	1464138330 1464139926
4	123700_4	407N	1464138330 1464139986
4	123700_4	406N	1464138330 1464140076
4	123700_4	405N	1464138330 1464140196
4	123700_4	402N	1464138330 1464140316
4	123700_4	401N	1464138330 1464140436
4	124050_4	626S	1464138330 1464138549
4	124050_4	629S	1464138330 1464138759
4	124050_4	631S	1464138330 1464138909
4	124050_4	635S	1464138330 1464139149
4	124050_4	640S	1464138330 1464139419
4	124050_4	418S	1464138330 1464139539
4	124050_4	419S	1464138330 1464139599
4	124050_4	420S	1464138330 1464139689
4	124050_4	423S	1464138330 1464140019
4	124050_4	234S	1464138330 1464140139
4	124050_4	235S	1464138330 1464140229
4	124050_4	239S	1464138330 1464140469
4	124050_4	250S	1464138330 1464140679
4	124450_4	640N	1464138330 1464138413
4	124450_4	635N	1464138330 1464138683
4	124450_4	631N	1464138330 1464138923
4	124450_4	629N	1464138330 1464139043
4	124450_4	626N	1464138330 1464139253
4	124450_4	621N	1464138330 1464139523
4	124450_4	416N	1464138330 1464139673
4	124450_4	415N	1464138330 1464139793
4	124450_4	414N	1464138330 1464139943
4	124450_4	413N	1464138330 1464140033
4	124450_4	412N	1464138330 1464140123
4	124450_4	411N	1464138330 1464140183
4	124450_4	410N	1464138330 1464140243
4	124450_4	409N	1464138330 1464140333
4	124450_4	408N	1464138330 1464140423
4	124450_4	407N	1464138330 1464140483
4	124450_4	406N	1464138330 1464140573
4	124450_4	405N	1464138330 1464140693
4	124450_4	402N	1464138330 1464140813
4	124450_4	401N	1464138330 1464140933
4	124900_4	412S	1464138330 1464138344
4	124900_4	413S	1464138330 1464138434
4	124900_4	414S	1464138330 1464138554
4	124900_4	415S	1464138330 1464138734
4	124900_4	416S	1464138330 1464138854
4	124900_4	621S	1464138330 1464138974
4	124900_4	626S	1464138330 1464139244
4	124900_4	629S	1464138330 1464139454
4	124900_4	631S	1464138330 1464139604
4	124900_4	635S	1464138330 1464139844
4	124900_4	640S	1464138330 1464140114
4	124900_4	418S	1464138330 1464140234
4	124900_4	419S	1464138330 1464140294
4	124900_4	420S	1464138330 1464140384
4	124900_4	423S	1464138330 1464140714
4	124900_4	234S	1464138330 1464140834
4	124900_4	235S	1464138330 1464140924
4	124900_4	236S	1464138330 1464140984
4	124900_4	237S	1464138330 1464141104
4	124900_4	238S	1464138330 1464141224
4	124900_4	239S	1464138330 1464141314
4	124900_4	248S	1464138330 1464141404
4	124900_4	249S	1464138330 1464141494
4	124900_4	250S	1464138330 1464141614
4	125150_4	420N	1464138330 1464138350
4	125150_4	419N	1464138330 1464138440
4	125150_4	418N	1464138330 1464138500
4	125150_4	640N	1464138330 1464138620
4	125150_4	635N	1464138330 1464138890
4	125150_4	631N	1464138330 1464139130
4	125150_4	629N	1464138330 1464139250
4	125150_4	626N	1464138330 1464139460
4	125150_4	621N	1464138330 1464139730
4	125150_4	416N	1464138330 1464139880
4	125150_4	415N	1464138330 1464140000
4	125150_4	414N	1464138330 1464140150
4	125150_4	413N	1464138330 1464140240
4	125150_4	412N	1464138330 1464140330
4	125150_4	411N	1464138330 1464140390
4	125150_4	410N	1464138330 1464140450
4	125150_4	409N	1464138330 1464140540
4	125150_4	408N	1464138330 1464140630
4	125150_4	407N	1464138330 1464140690
4	125150_4	406N	1464138330 1464140780
4	125150_4	405N	1464138330 1464140900
4	125150_4	402N	1464138330 1464141020
4	125150_4	401N	1464138330 1464141140
4	125650_4	234N	1464138330 1464138338
4	125650_4	423N	1464138330 1464138458
4	125650_4	420N	1464138330 1464138758
4	125650_4	419N	1464138330 1464138848
4	125650_4	418N	1464138330 1464138908
4	125650_4	640N	1464138330 1464139028
4	125650_4	635N	1464138330 1464139298
4	125650_4	631N	1464138330 1464139538
4	125650_4	629N	1464138330 1464139658
4	125650_4	626N	1464138330 1464139868
4	125650_4	621N	1464138330 1464140138
4	125650_4	416N	1464138330 1464140288
4	125650_4	415N	1464138330 1464140408
4	125650_4	414N	1464138330 1464140558
4	125650_4	413N	1464138330 1464140648
4	125650_4	412N	1464138330 1464140738
4	125650_4	411N	1464138330 1464140798
4	125650_4	410N	1464138330 1464140858
4	125650_4	409N	1464138330 1464140948
4	125650_4	408N	1464138330 1464141038
4	125650_4	407N	1464138330 1464141098
4	125650_4	406N	1464138330 1464141188
4	125650_4	405N	1464138330 1464141308
4	125650_4	402N	1464138330 1464141428
4	125650_4	401N	1464138330 1464141548
4	125750_4	406S	1464138330 1464138343
4	125750_4	407S	1464138330 1464138433
4	125750_4	408S	1464138330 1464138493
4	125750_4	409S	1464138330 1464138583
4	125750_4	410S	1464138330 1464138673
4	125750_4	411S	1464138330 1464138763
4	125750_4	412S	1464138330 1464138823
4	125750_4	413S	1464138330 1464138913
4	125750_4	414S	1464138330 1464139033
4	125750_4	415S	1464138330 1464139213
4	125750_4	416S	1464138330 1464139333
4	125750_4	621S	1464138330 1464139453
4	125750_4	626S	1464138330 1464139723
4	125750_4	629S	1464138330 1464139933
4	125750_4	631S	1464138330 1464140083
4	125750_4	635S	1464138330 1464140323
4	125750_4	640S	1464138330 1464140593
4	125750_4	418S	1464138330 1464140713
4	125750_4	419S	1464138330 1464140773
4	125750_4	420S	1464138330 1464140863
4	125750_4	423S	1464138330 1464141193
4	125750_4	234S	1464138330 1464141313
4	125750_4	235S	1464138330 1464141403
4	125750_4	236S	1464138330 1464141463
4	125750_4	237S	1464138330 1464141583
4	125750_4	238S	1464138330 1464141703
4	125750_4	239S	1464138330 1464141793
4	125750_4	248S	1464138330 1464141883
4	125750_4	249S	1464138330 1464141973
4	125750_4	250S	1464138330 1464142093
4	126600_4	250N	1464138330 1464138360
4	126600_4	239N	1464138330 1464138570
4	126600_4	235N	1464138330 1464138810
4	126600_4	234N	1464138330 1464138900
4	126600_4	423N	1464138330 1464139020
4	126600_4	420N	1464138330 1464139320
4	126600_4	419N	1464138330 1464139380
4	126600_4	418N	1464138330 1464139470
4	126600_4	640N	1464138330 1464139560
4	126600_4	635N	1464138330 1464139830
4	126600_4	631N	1464138330 1464140070
4	126600_4	629N	1464138330 1464140190
4	126600_4	626N	1464138330 1464140400
4	126600_4	621N	1464138330 1464140670
4	126600_4	416N	1464138330 1464140820
4	126600_4	415N	1464138330 1464140940
4	126600_4	414N	1464138330 1464141090
4	126600_4	413N	1464138330 1464141180
4	126600_4	412N	1464138330 1464141270
4	126600_4	411N	1464138330 1464141330
4	126600_4	410N	1464138330 1464141390
4	126600_4	409N	1464138330 1464141480
4	126600_4	408N	1464138330 1464141570
4	126600_4	407N	1464138330 1464141630
4	126600_4	406N	1464138330 1464141720
4	126600_4	405N	1464138330 1464141840
4	126600_4	402N	1464138330 1464141960
4	126600_4	401N	1464138330 1464142080
4	126850_4	401S	1464138330 1464138510
4	126850_4	402S	1464138330 1464138630
4	126850_4	405S	1464138330 1464138750
4	126850_4	406S	1464138330 1464138870
4	126850_4	407S	1464138330 1464138960
4	126850_4	408S	1464138330 1464139020
4	126850_4	409S	1464138330 1464139110
4	126850_4	410S	1464138330 1464139200
4	126850_4	411S	1464138330 1464139290
4	126850_4	412S	1464138330 1464139350
4	126850_4	413S	1464138330 1464139440
4	126850_4	414S	1464138330 1464139560
4	126850_4	415S	1464138330 1464139740
4	126850_4	416S	1464138330 1464139860
4	126850_4	621S	1464138330 1464139980
4	126850_4	626S	1464138330 1464140250
4	126850_4	629S	1464138330 1464140460
4	126850_4	631S	1464138330 1464140610
4	126850_4	635S	1464138330 1464140850
4	126850_4	640S	1464138330 1464141120
4	126850_4	418S	1464138330 1464141240
4	126850_4	419S	1464138330 1464141300
4	126850_4	420S	1464138330 1464141390
4	126850_4	423S	1464138330 1464141720
4	126850_4	234S	1464138330 1464141840
4	126850_4	235S	1464138330 1464141930
4	126850_4	236S	1464138330 1464141990
4	126850_4	237S	1464138330 1464142110
4	126850_4	238S	1464138330 1464142230
4	126850_4	239S	1464138330 1464142320
4	126850_4	248S	1464138330 1464142410
4	126850_4	249S	1464138330 1464142500
4	126850_4	250S	1464138330 1464142620
4	127450_4	250N	1464138330 1464138870
4	127450_4	239N	1464138330 1464139080
4	127450_4	235N	1464138330 1464139320
4	127450_4	234N	1464138330 1464139410
4	127450_4	423N	1464138330 1464139530
4	127450_4	420N	1464138330 1464139830
4	127450_4	419N	1464138330 1464139890
4	127450_4	418N	1464138330 1464139980
4	127450_4	640N	1464138330 1464140070
4	127450_4	635N	1464138330 1464140340
4	127450_4	631N	1464138330 1464140550
4	127450_4	629N	1464138330 1464140670
4	127450_4	626N	1464138330 1464140880
4	127450_4	621N	1464138330 1464141150
4	127450_4	416N	1464138330 1464141300
4	127450_4	415N	1464138330 1464141420
4	127450_4	414N	1464138330 1464141570
4	127450_4	413N	1464138330 1464141660
4	127450_4	412N	1464138330 1464141750
4	127450_4	411N	1464138330 1464141810
4	127450_4	410N	1464138330 1464141870
4	127450_4	409N	1464138330 1464141960
4	127450_4	408N	1464138330 1464142050
4	127450_4	407N	1464138330 1464142110
4	127450_4	406N	1464138330 1464142200
4	127450_4	405N	1464138330 1464142320
4	127450_4	402N	1464138330 1464142440
4	127450_4	401N	1464138330 1464142560
4	127750_4	401S	1464138330 1464139050
4	127750_4	402S	1464138330 1464139170
4	127750_4	405S	1464138330 1464139290
4	127750_4	406S	1464138330 1464139410
4	127750_4	407S	1464138330 1464139500
4	127750_4	408S	1464138330 1464139560
4	127750_4	409S	1464138330 1464139650
4	127750_4	410S	1464138330 1464139740
4	127750_4	411S	1464138330 1464139830
4	127750_4	412S	1464138330 1464139890
4	127750_4	413S	1464138330 1464139980
4	127750_4	414S	1464138330 1464140100
4	127750_4	415S	1464138330 1464140280
4	127750_4	416S	1464138330 1464140400
4	127750_4	621S	1464138330 1464140520
4	127750_4	626S	1464138330 1464140790
4	127750_4	629S	1464138330 1464141000
4	127750_4	631S	1464138330 1464141150
4	127750_4	635S	1464138330 1464141360
4	127750_4	640S	1464138330 1464141630
4	127750_4	418S	1464138330 1464141750
4	127750_4	419S	1464138330 1464141810
4	127750_4	420S	1464138330 1464141900
4	127750_4	423S	1464138330 1464142230
4	127750_4	234S	1464138330 1464142350
4	127750_4	235S	1464138330 1464142440
4	127750_4	236S	1464138330 1464142500
4	127750_4	237S	1464138330 1464142620
4	127750_4	238S	1464138330 1464142740
4	127750_4	239S	1464138330 1464142830
4	127750_4	248S	1464138330 1464142920
4	127750_4	249S	1464138330 1464143010
4	127750_4	250S	1464138330 1464143130
4	128400_4	250N	1464138330 1464139440
4	128400_4	239N	1464138330 1464139650
4	128400_4	235N	1464138330 1464139890
4	128400_4	234N	1464138330 1464139980
4	128400_4	423N	1464138330 1464140100
4	128400_4	420N	1464138330 1464140400
4	128400_4	419N	1464138330 1464140460
4	128400_4	418N	1464138330 1464140550
4	128400_4	640N	1464138330 1464140640
4	128400_4	635N	1464138330 1464140910
4	128400_4	631N	1464138330 1464141120
4	128400_4	629N	1464138330 1464141240
4	128400_4	626N	1464138330 1464141450
4	128400_4	621N	1464138330 1464141720
4	128400_4	416N	1464138330 1464141870
4	128400_4	415N	1464138330 1464141990
4	128400_4	414N	1464138330 1464142140
4	128400_4	413N	1464138330 1464142230
4	128400_4	412N	1464138330 1464142320
4	128400_4	411N	1464138330 1464142380
4	128400_4	410N	1464138330 1464142440
4	128400_4	409N	1464138330 1464142530
4	128400_4	408N	1464138330 1464142620
4	128400_4	407N	1464138330 1464142680
4	128400_4	406N	1464138330 1464142770
4	128400_4	405N	1464138330 1464142890
4	128400_4	402N	1464138330 1464143010
4	128400_4	401N	1464138330 1464143130
4	128750_4	401S	1464138330 1464139650
4	128750_4	402S	1464138330 1464139770
4	128750_4	405S	1464138330 1464139890
4	128750_4	406S	1464138330 1464140010
4	128750_4	407S	1464138330 1464140100
4	128750_4	408S	1464138330 1464140160
4	128750_4	409S	1464138330 1464140250
4	128750_4	410S	1464138330 1464140340
4	128750_4	411S	1464138330 1464140430
4	128750_4	412S	1464138330 1464140490
4	128750_4	413S	1464138330 1464140580
4	128750_4	414S	1464138330 1464140700
4	128750_4	415S	1464138330 1464140880
4	128750_4	416S	1464138330 1464141000
4	128750_4	621S	1464138330 1464141120
4	128750_4	626S	1464138330 1464141390
4	128750_4	629S	1464138330 1464141600
4	128750_4	631S	1464138330 1464141750
4	128750_4	635S	1464138330 1464141960
4	128750_4	640S	1464138330 1464142230
4	128750_4	418S	1464138330 1464142350
4	128750_4	419S	1464138330 1464142410
4	128750_4	420S	1464138330 1464142500
4	128750_4	423S	1464138330 1464142830
4	128750_4	234S	1464138330 1464142950
4	128750_4	235S	1464138330 1464143040
4	128750_4	236S	1464138330 1464143100
4	128750_4	237S	1464138330 1464143220
4	128750_4	238S	1464138330 1464143340
4	128750_4	239S	1464138330 1464143430
4	128750_4	248S	1464138330 1464143520
4	128750_4	249S	1464138330 1464143610
4	128750_4	250S	1464138330 1464143730
4	129400_4	250N	1464138330 1464140040
4	129400_4	239N	1464138330 1464140250
4	129400_4	235N	1464138330 1464140490
4	129400_4	234N	1464138330 1464140580
4	129400_4	423N	1464138330 1464140700
4	129400_4	420N	1464138330 1464141000
4	129400_4	419N	1464138330 1464141060
4	129400_4	418N	1464138330 1464141150
4	129400_4	640N	1464138330 1464141240
4	129400_4	635N	1464138330 1464141510
4	129400_4	631N	1464138330 1464141720
4	129400_4	629N	1464138330 1464141840
4	129400_4	626N	1464138330 1464142050
4	129400_4	621N	1464138330 1464142320
4	129400_4	416N	1464138330 1464142470
4	129400_4	415N	1464138330 1464142590
4	129400_4	414N	1464138330 1464142740
4	129400_4	413N	1464138330 1464142830
4	129400_4	412N	1464138330 1464142920
4	129400_4	411N	1464138330 1464142980
4	129400_4	410N	1464138330 1464143040
4	129400_4	409N	1464138330 1464143130
4	129400_4	408N	1464138330 1464143220
4	129400_4	407N	1464138330 1464143280
4	129400_4	406N	1464138330 1464143370
4	129400_4	405N	1464138330 1464143490
4	129400_4	402N	1464138330 1464143610
4	129400_4	401N	1464138330 1464143730
4	129750_4	401S	1464138330 1464140250
4	129750_4	402S	1464138330 1464140370
4	129750_4	405S	1464138330 1464140490
4	129750_4	406S	1464138330 1464140610
4	129750_4	407S	1464138330 1464140700
4	129750_4	408S	1464138330 1464140760
4	129750_4	409S	1464138330 1464140850
4	129750_4	410S	1464138330 1464140940
4	129750_4	411S	1464138330 1464141030
4	129750_4	412S	1464138330 1464141090
4	129750_4	413S	1464138330 1464141180
4	129750_4	414S	1464138330 1464141300
4	129750_4	415S	1464138330 1464141480
4	129750_4	416S	1464138330 1464141600
4	129750_4	621S	1464138330 1464141720
4	129750_4	626S	1464138330 1464141990
4	129750_4	629S	1464138330 1464142200
4	129750_4	631S	1464138330 1464142350
4	129750_4	635S	1464138330 1464142560
4	129750_4	640S	1464138330 1464142830
4	129750_4	418S	1464138330 1464142950
4	129750_4	419S	1464138330 1464143010
4	129750_4	420S	1464138330 1464143100
4	129750_4	423S	1464138330 1464143430
4	129750_4	234S	1464138330 1464143550
4	129750_4	235S	1464138330 1464143640
4	129750_4	236S	1464138330 1464143700
4	129750_4	237S	1464138330 1464143820
4	129750_4	238S	1464138330 1464143940
4	129750_4	239S	1464138330 1464144030
4	129750_4	248S	1464138330 1464144120
4	129750_4	249S	1464138330 1464144210
4	129750_4	250S	1464138330 1464144330
5	118900_5	504N	1464138330 1464138332
5	118900_5	503N	1464138330 1464138482
5	118900_5	502N	1464138330 1464138632
5	118900_5	501N	1464138330 1464138782
5	119700_5	213N	1464138330 1464138401
5	119700_5	505N	1464138330 1464138611
5	119700_5	504N	1464138330 1464138701
5	119700_5	503N	1464138330 1464138851
5	119700_5	502N	1464138330 1464139001
5	119700_5	501N	1464138330 1464139151
5	120950_5	220N	1464138330 1464138442
5	120950_5	219N	1464138330 1464138532
5	120950_5	218N	1464138330 1464138592
5	120950_5	217N	1464138330 1464138652
5	120950_5	216N	1464138330 1464138772
5	120950_5	215N	1464138330 1464138892
5	120950_5	214N	1464138330 1464139012
5	120950_5	213N	1464138330 1464139102
5	120950_5	505N	1464138330 1464139312
5	120950_5	504N	1464138330 1464139402
5	120950_5	503N	1464138330 1464139552
5	120950_5	502N	1464138330 1464139702
5	120950_5	501N	1464138330 1464139852
5	121800_5	621N	1464138330 1464138536
5	121800_5	416N	1464138330 1464138686
5	121800_5	222N	1464138330 1464138836
5	121800_5	221N	1464138330 1464138956
5	121800_5	220N	1464138330 1464139106
5	121800_5	219N	1464138330 1464139196
5	121800_5	218N	1464138330 1464139256
5	121800_5	217N	1464138330 1464139316
5	121800_5	216N	1464138330 1464139436
5	121800_5	215N	1464138330 1464139556
5	121800_5	214N	1464138330 1464139676
5	121800_5	213N	1464138330 1464139766
5	121800_5	505N	1464138330 1464139976
5	121800_5	504N	1464138330 1464140066
5	121800_5	503N	1464138330 1464140216
5	121800_5	502N	1464138330 1464140366
5	121800_5	501N	1464138330 1464140516
5	121950_5	631S	1464138330 1464138329
5	121950_5	635S	1464138330 1464138569
5	121950_5	640S	1464138330 1464138839
5	121950_5	418S	1464138330 1464138959
5	121950_5	419S	1464138330 1464139019
5	121950_5	420S	1464138330 1464139109
5	123100_5	635N	1464138330 1464138311
5	123100_5	631N	1464138330 1464138551
5	123100_5	629N	1464138330 1464138671
5	123100_5	626N	1464138330 1464138881
5	123100_5	621N	1464138330 1464139151
5	123100_5	416N	1464138330 1464139301
5	123100_5	222N	1464138330 1464139451
5	123100_5	221N	1464138330 1464139571
5	123100_5	220N	1464138330 1464139721
5	123100_5	219N	1464138330 1464139811
5	123100_5	218N	1464138330 1464139871
5	123100_5	217N	1464138330 1464139931
5	123100_5	216N	1464138330 1464140051
5	123100_5	215N	1464138330 1464140171
5	123100_5	214N	1464138330 1464140291
5	123100_5	213N	1464138330 1464140381
5	123100_5	505N	1464138330 1464140591
5	123100_5	504N	1464138330 1464140681
5	123100_5	503N	1464138330 1464140831
5	123100_5	502N	1464138330 1464140981
5	123100_5	501N	1464138330 1464141131
5	123500_5	621S	1464138330 1464138396
5	123500_5	626S	1464138330 1464138666
5	123500_5	629S	1464138330 1464138876
5	123500_5	631S	1464138330 1464139026
5	123500_5	635S	1464138330 1464139266
5	123500_5	640S	1464138330 1464139536
5	123500_5	418S	1464138330 1464139656
5	123500_5	419S	1464138330 1464139716
5	123500_5	420S	1464138330 1464139806
5	124800_5	216S	1464138330 1464138407
5	124800_5	217S	1464138330 1464138527
5	124800_5	218S	1464138330 1464138587
5	124800_5	219S	1464138330 1464138647
5	124800_5	220S	1464138330 1464138737
5	124800_5	221S	1464138330 1464138887
5	124800_5	222S	1464138330 1464139007
5	124800_5	416S	1464138330 1464139187
5	124800_5	621S	1464138330 1464139307
5	124800_5	626S	1464138330 1464139577
5	124800_5	629S	1464138330 1464139787
5	124800_5	631S	1464138330 1464139937
5	124800_5	635S	1464138330 1464140177
5	124800_5	640S	1464138330 1464140447
5	124800_5	418S	1464138330 1464140567
5	124800_5	419S	1464138330 1464140627
5	124800_5	420S	1464138330 1464140717
5	125900_5	504S	1464138330 1464138462
5	125900_5	505S	1464138330 1464138522
5	125900_5	213S	1464138330 1464138732
5	125900_5	214S	1464138330 1464138822
5	125900_5	215S	1464138330 1464138942
5	125900_5	216S	1464138330 1464139062
5	125900_5	217S	1464138330 1464139182
5	125900_5	218S	1464138330 1464139242
5	125900_5	219S	1464138330 1464139302
5	125900_5	220S	1464138330 1464139392
5	125900_5	221S	1464138330 1464139542
5	125900_5	222S	1464138330 1464139662
5	125900_5	416S	1464138330 1464139842
5	125900_5	621S	1464138330 1464139962
5	125900_5	626S	1464138330 1464140232
5	125900_5	629S	1464138330 1464140442
5	125900_5	631S	1464138330 1464140592
5	125900_5	635S	1464138330 1464140832
5	125900_5	640S	1464138330 1464141102
5	125900_5	418S	1464138330 1464141222
5	125900_5	419S	1464138330 1464141282
5	125900_5	420S	1464138330 1464141372
5	126450_5	419N	1464138330 1464138338
5	126450_5	418N	1464138330 1464138398
5	126450_5	640N	1464138330 1464138518
5	126450_5	635N	1464138330 1464138788
5	126450_5	631N	1464138330 1464139028
5	126450_5	629N	1464138330 1464139148
5	126450_5	626N	1464138330 1464139358
5	126450_5	621N	1464138330 1464139628
5	126450_5	416N	1464138330 1464139778
5	126450_5	222N	1464138330 1464139928
5	126450_5	221N	1464138330 1464140048
5	126450_5	220N	1464138330 1464140198
5	126450_5	219N	1464138330 1464140288
5	126450_5	218N	1464138330 1464140348
5	126450_5	217N	1464138330 1464140408
5	126450_5	216N	1464138330 1464140528
5	126450_5	215N	1464138330 1464140648
5	126450_5	214N	1464138330 1464140768
5	126450_5	213N	1464138330 1464140858
5	126450_5	505N	1464138330 1464141068
5	126450_5	504N	1464138330 1464141158
5	126450_5	503N	1464138330 1464141308
5	126450_5	502N	1464138330 1464141458
5	126450_5	501N	1464138330 1464141608
5	126600_5	501S	1464138330 1464138360
5	126600_5	502S	1464138330 1464138480
5	126600_5	503S	1464138330 1464138630
5	126600_5	504S	1464138330 1464138780
5	126600_5	505S	1464138330 1464138840
5	126600_5	213S	1464138330 1464139050
5	126600_5	214S	1464138330 1464139140
5	126600_5	215S	1464138330 1464139260
5	126600_5	216S	1464138330 1464139380
5	126600_5	217S	1464138330 1464139500
5	126600_5	218S	1464138330 1464139560
5	126600_5	219S	1464138330 1464139620
5	126600_5	220S	1464138330 1464139710
5	126600_5	221S	1464138330 1464139860
5	126600_5	222S	1464138330 1464139980
5	126600_5	416S	1464138330 1464140160
5	126600_5	621S	1464138330 1464140280
5	126600_5	626S	1464138330 1464140550
5	126600_5	629S	1464138330 1464140760
5	126600_5	631S	1464138330 1464140910
5	126600_5	635S	1464138330 1464141150
5	126600_5	640S	1464138330 1464141420
5	126600_5	418S	1464138330 1464141540
5	126600_5	419S	1464138330 1464141600
5	126600_5	420S	1464138330 1464141690
5	127450_5	420N	1464138330 1464138870
5	127450_5	419N	1464138330 1464138960
5	127450_5	418N	1464138330 1464139020
5	127450_5	640N	1464138330 1464139140
5	127450_5	635N	1464138330 1464139410
5	127450_5	631N	1464138330 1464139650
5	127450_5	629N	1464138330 1464139770
5	127450_5	626N	1464138330 1464139980
5	127450_5	621N	1464138330 1464140250
5	127450_5	416N	1464138330 1464140400
5	127450_5	222N	1464138330 1464140550
5	127450_5	221N	1464138330 1464140670
5	127450_5	220N	1464138330 1464140820
5	127450_5	219N	1464138330 1464140910
5	127450_5	218N	1464138330 1464140970
5	127450_5	217N	1464138330 1464141030
5	127450_5	216N	1464138330 1464141150
5	127450_5	215N	1464138330 1464141270
5	127450_5	214N	1464138330 1464141390
5	127450_5	213N	1464138330 1464141480
5	127450_5	505N	1464138330 1464141690
5	127450_5	504N	1464138330 1464141780
5	127450_5	503N	1464138330 1464141930
5	127450_5	502N	1464138330 1464142080
5	127450_5	501N	1464138330 1464142230
5	127600_5	501S	1464138330 1464138960
5	127600_5	502S	1464138330 1464139080
5	127600_5	503S	1464138330 1464139230
5	127600_5	504S	1464138330 1464139380
5	127600_5	505S	1464138330 1464139440
5	127600_5	213S	1464138330 1464139650
5	127600_5	214S	1464138330 1464139740
5	127600_5	215S	1464138330 1464139860
5	127600_5	216S	1464138330 1464139980
5	127600_5	217S	1464138330 1464140100
5	127600_5	218S	1464138330 1464140160
5	127600_5	219S	1464138330 1464140220
5	127600_5	220S	1464138330 1464140310
5	127600_5	221S	1464138330 1464140460
5	127600_5	222S	1464138330 1464140580
5	127600_5	416S	1464138330 1464140760
5	127600_5	621S	1464138330 1464140880
5	127600_5	626S	1464138330 1464141150
5	127600_5	629S	1464138330 1464141360
5	127600_5	631S	1464138330 1464141510
5	127600_5	635S	1464138330 1464141720
5	127600_5	640S	1464138330 1464141990
5	127600_5	418S	1464138330 1464142110
5	127600_5	419S	1464138330 1464142170
5	127600_5	420S	1464138330 1464142260
5	128450_5	420N	1464138330 1464139470
5	128450_5	419N	1464138330 1464139530
5	128450_5	418N	1464138330 1464139620
5	128450_5	640N	1464138330 1464139710
5	128450_5	635N	1464138330 1464139980
5	128450_5	631N	1464138330 1464140220
5	128450_5	629N	1464138330 1464140340
5	128450_5	626N	1464138330 1464140550
5	128450_5	621N	1464138330 1464140820
5	128450_5	416N	1464138330 1464140970
5	128450_5	222N	1464138330 1464141120
5	128450_5	221N	1464138330 1464141240
5	128450_5	220N	1464138330 1464141390
5	128450_5	219N	1464138330 1464141480
5	128450_5	218N	1464138330 1464141540
5	128450_5	217N	1464138330 1464141600
5	128450_5	216N	1464138330 1464141720
5	128450_5	215N	1464138330 1464141840
5	128450_5	214N	1464138330 1464141960
5	128450_5	213N	1464138330 1464142050
5	128450_5	505N	1464138330 1464142260
5	128450_5	504N	1464138330 1464142350
5	128450_5	503N	1464138330 1464142500
5	128450_5	502N	1464138330 1464142650
5	128450_5	501N	1464138330 1464142800
5	128650_5	501S	1464138330 1464139590
5	128650_5	502S	1464138330 1464139710
5	128650_5	503S	1464138330 1464139860
5	128650_5	504S	1464138330 1464140010
5	128650_5	505S	1464138330 1464140070
5	128650_5	213S	1464138330 1464140280
5	128650_5	214S	1464138330 1464140370
5	128650_5	215S	1464138330 1464140490
5	128650_5	216S	1464138330 1464140610
5	128650_5	217S	1464138330 1464140730
5	128650_5	218S	1464138330 1464140790
5	128650_5	219S	1464138330 1464140850
5	128650_5	220S	1464138330 1464140940
5	128650_5	221S	1464138330 1464141090
5	128650_5	222S	1464138330 1464141210
5	128650_5	416S	1464138330 1464141390
5	128650_5	621S	1464138330 1464141510
5	128650_5	626S	1464138330 1464141780
5	128650_5	629S	1464138330 1464141990
5	128650_5	631S	1464138330 1464142140
5	128650_5	635S	1464138330 1464142350
5	128650_5	640S	1464138330 1464142620
5	128650_5	418S	1464138330 1464142740
5	128650_5	419S	1464138330 1464142800
5	128650_5	420S	1464138330 1464142890
5	129450_5	420N	1464138330 1464140070
5	129450_5	419N	1464138330 1464140130
5	129450_5	418N	1464138330 1464140220
5	129450_5	640N	1464138330 1464140310
5	129450_5	635N	1464138330 1464140580
5	129450_5	631N	1464138330 1464140790
5	129450_5	629N	1464138330 1464140910
5	129450_5	626N	1464138330 1464141120
5	129450_5	621N	1464138330 1464141390
5	129450_5	416N	1464138330 1464141540
5	129450_5	222N	1464138330 1464141690
5	129450_5	221N	1464138330 1464141810
5	129450_5	220N	1464138330 1464141930
5	129450_5	219N	1464138330 1464142020
5	129450_5	218N	1464138330 1464142110
5	129450_5	217N	1464138330 1464142170
5	129450_5	216N	1464138330 1464142260
5	129450_5	215N	1464138330 1464142380
5	129450_5	214N	1464138330 1464142500
5	129450_5	213N	1464138330 1464142590
5	129450_5	505N	1464138330 1464142800
5	129450_5	504N	1464138330 1464142890
5	129450_5	503N	1464138330 1464143040
5	129450_5	502N	1464138330 1464143190
5	129450_5	501N	1464138330 1464143340
5	129750_5	501S	1464138330 1464140250
5	129750_5	502S	1464138330 1464140370
5	129750_5	503S	1464138330 1464140520
5	129750_5	504S	1464138330 1464140670
5	129750_5	505S	1464138330 1464140730
5	129750_5	213S	1464138330 1464140940
5	129750_5	214S	1464138330 1464141030
5	129750_5	215S	1464138330 1464141150
5	129750_5	216S	1464138330 1464141270
5	129750_5	217S	1464138330 1464141390
5	129750_5	218S	1464138330 1464141450
5	129750_5	219S	1464138330 1464141510
5	129750_5	220S	1464138330 1464141600
5	129750_5	221S	1464138330 1464141750
5	129750_5	222S	1464138330 1464141870
5	129750_5	416S	1464138330 1464142110
5	129750_5	621S	1464138330 1464142230
5	129750_5	626S	1464138330 1464142500
5	129750_5	629S	1464138330 1464142710
5	129750_5	631S	1464138330 1464142860
5	129750_5	635S	1464138330 1464143070
5	129750_5	640S	1464138330 1464143340
5	129750_5	418S	1464138330 1464143460
5	129750_5	419S	1464138330 1464143520
5	129750_5	420S	1464138330 1464143610
5	122500_5	629N	1464138330 1464138336
5	122500_5	626N	1464138330 1464138546
5	122500_5	621N	1464138330 1464138816
5	122500_5	416N	1464138330 1464138996
5	122500_5	222N	1464138330 1464139146
5	122500_5	221N	1464138330 1464139266
5	122500_5	220N	1464138330 1464139416
5	122500_5	219N	1464138330 1464139506
5	122500_5	218N	1464138330 1464139566
5	122500_5	217N	1464138330 1464139626
5	122500_5	216N	1464138330 1464139746
5	122500_5	215N	1464138330 1464139866
5	122500_5	214N	1464138330 1464139986
5	122500_5	213N	1464138330 1464140076
5	122500_5	212N	1464138330 1464140196
5	122500_5	211N	1464138330 1464140346
5	122500_5	210N	1464138330 1464140496
5	122500_5	209N	1464138330 1464140586
5	122500_5	208N	1464138330 1464140676
5	122500_5	207N	1464138330 1464140796
5	122500_5	206N	1464138330 1464140886
5	122500_5	205N	1464138330 1464140976
5	122500_5	204N	1464138330 1464141066
6	120300_6	640S	1464138330 1464138439
6	120450_6	601N	1464138330 1464138394
6	120900_6	637S	1464138330 1464138339
6	120900_6	638S	1464138330 1464138429
6	120900_6	639S	1464138330 1464138489
6	120900_6	640S	1464138330 1464138609
6	120950_6	603N	1464138330 1464138283
6	120950_6	602N	1464138330 1464138373
6	120950_6	601N	1464138330 1464138523
6	121500_6	632S	1464138330 1464138370
6	121500_6	633S	1464138330 1464138430
6	121500_6	634S	1464138330 1464138490
6	121500_6	635S	1464138330 1464138580
6	121500_6	636S	1464138330 1464138670
6	121500_6	637S	1464138330 1464138730
6	121500_6	638S	1464138330 1464138820
6	121500_6	639S	1464138330 1464138880
6	121500_6	640S	1464138330 1464139000
6	121950_6	608N	1464138330 1464138309
6	121950_6	607N	1464138330 1464138399
6	121950_6	606N	1464138330 1464138459
6	121950_6	604N	1464138330 1464138519
6	121950_6	603N	1464138330 1464138609
6	121950_6	602N	1464138330 1464138699
6	121950_6	601N	1464138330 1464138849
6	122100_6	631S	1464138330 1464138426
6	122100_6	632S	1464138330 1464138546
6	122100_6	633S	1464138330 1464138606
6	122100_6	634S	1464138330 1464138666
6	122100_6	635S	1464138330 1464138756
6	122100_6	636S	1464138330 1464138846
6	122100_6	637S	1464138330 1464138906
6	122100_6	638S	1464138330 1464138996
6	122100_6	639S	1464138330 1464139056
6	122100_6	640S	1464138330 1464139176
6	122450_6	614N	1464138330 1464138335
6	122450_6	613N	1464138330 1464138515
6	122450_6	612N	1464138330 1464138605
6	122450_6	611N	1464138330 1464138695
6	122450_6	610N	1464138330 1464138755
6	122450_6	609N	1464138330 1464138845
6	122450_6	608N	1464138330 1464138905
6	122450_6	607N	1464138330 1464138995
6	122450_6	606N	1464138330 1464139055
6	122450_6	604N	1464138330 1464139115
6	122450_6	603N	1464138330 1464139205
6	122450_6	602N	1464138330 1464139295
6	122450_6	601N	1464138330 1464139445
6	122700_6	626S	1464138330 1464138391
6	122700_6	627S	1464138330 1464138481
6	122700_6	628S	1464138330 1464138601
6	122700_6	629S	1464138330 1464138691
6	122700_6	630S	1464138330 1464138781
6	122700_6	631S	1464138330 1464138901
6	122700_6	632S	1464138330 1464139021
6	122700_6	633S	1464138330 1464139081
6	122700_6	634S	1464138330 1464139141
6	122700_6	635S	1464138330 1464139231
6	122700_6	636S	1464138330 1464139321
6	122700_6	637S	1464138330 1464139381
6	122700_6	638S	1464138330 1464139471
6	122700_6	639S	1464138330 1464139531
6	122700_6	640S	1464138330 1464139651
6	122950_6	616N	1464138330 1464138438
6	122950_6	615N	1464138330 1464138498
6	122950_6	614N	1464138330 1464138618
6	122950_6	613N	1464138330 1464138798
6	122950_6	612N	1464138330 1464138888
6	122950_6	611N	1464138330 1464138978
6	122950_6	610N	1464138330 1464139038
6	122950_6	609N	1464138330 1464139128
6	122950_6	608N	1464138330 1464139308
6	122950_6	607N	1464138330 1464139398
6	122950_6	606N	1464138330 1464139458
6	122950_6	604N	1464138330 1464139518
6	122950_6	603N	1464138330 1464139608
6	122950_6	602N	1464138330 1464139698
6	122950_6	601N	1464138330 1464139848
6	123300_6	624S	1464138330 1464138334
6	123300_6	625S	1464138330 1464138424
6	123300_6	626S	1464138330 1464138544
6	123300_6	627S	1464138330 1464138634
6	123300_6	628S	1464138330 1464138754
6	123300_6	629S	1464138330 1464138844
6	123300_6	630S	1464138330 1464138934
6	123300_6	631S	1464138330 1464139054
6	123300_6	632S	1464138330 1464139174
6	123300_6	633S	1464138330 1464139234
6	123300_6	634S	1464138330 1464139294
6	123300_6	635S	1464138330 1464139384
6	123300_6	636S	1464138330 1464139474
6	123300_6	637S	1464138330 1464139534
6	123300_6	638S	1464138330 1464139624
6	123300_6	639S	1464138330 1464139684
6	123300_6	640S	1464138330 1464139804
6	123450_6	619N	1464138330 1464138333
6	123450_6	618N	1464138330 1464138423
6	123450_6	617N	1464138330 1464138483
6	123450_6	616N	1464138330 1464138603
6	123450_6	615N	1464138330 1464138663
6	123450_6	614N	1464138330 1464138783
6	123450_6	613N	1464138330 1464138963
6	123450_6	612N	1464138330 1464139053
6	123450_6	611N	1464138330 1464139143
6	123450_6	610N	1464138330 1464139203
6	123450_6	609N	1464138330 1464139293
6	123450_6	608N	1464138330 1464139353
6	123450_6	607N	1464138330 1464139443
6	123450_6	606N	1464138330 1464139503
6	123450_6	604N	1464138330 1464139563
6	123450_6	603N	1464138330 1464139653
6	123450_6	602N	1464138330 1464139743
6	123450_6	601N	1464138330 1464139893
6	123900_6	619S	1464138330 1464138399
6	123900_6	621S	1464138330 1464138579
6	123900_6	622S	1464138330 1464138669
6	123900_6	623S	1464138330 1464138759
6	123900_6	624S	1464138330 1464138819
6	123900_6	625S	1464138330 1464138909
6	123900_6	626S	1464138330 1464139029
6	123900_6	627S	1464138330 1464139119
6	123900_6	628S	1464138330 1464139239
6	123900_6	629S	1464138330 1464139329
6	123900_6	630S	1464138330 1464139419
6	123900_6	631S	1464138330 1464139539
6	123900_6	632S	1464138330 1464139659
6	123900_6	633S	1464138330 1464139719
6	123900_6	634S	1464138330 1464139779
6	123900_6	635S	1464138330 1464139869
6	123900_6	636S	1464138330 1464139959
6	123900_6	637S	1464138330 1464140019
6	123900_6	638S	1464138330 1464140109
6	123900_6	639S	1464138330 1464140169
6	123900_6	640S	1464138330 1464140289
6	123950_6	624N	1464138330 1464138341
6	123950_6	623N	1464138330 1464138401
6	123950_6	622N	1464138330 1464138491
6	123950_6	621N	1464138330 1464138581
6	123950_6	619N	1464138330 1464138761
6	123950_6	618N	1464138330 1464138851
6	123950_6	617N	1464138330 1464138911
6	123950_6	616N	1464138330 1464139031
6	123950_6	615N	1464138330 1464139091
6	123950_6	614N	1464138330 1464139211
6	123950_6	613N	1464138330 1464139391
6	123950_6	612N	1464138330 1464139481
6	123950_6	611N	1464138330 1464139571
6	123950_6	610N	1464138330 1464139631
6	123950_6	609N	1464138330 1464139721
6	123950_6	608N	1464138330 1464139781
6	123950_6	607N	1464138330 1464139871
6	123950_6	606N	1464138330 1464139931
6	123950_6	604N	1464138330 1464139991
6	123950_6	603N	1464138330 1464140081
6	123950_6	602N	1464138330 1464140171
6	123950_6	601N	1464138330 1464140321
6	124450_6	626N	1464138330 1464138402
6	124450_6	625N	1464138330 1464138522
6	124450_6	624N	1464138330 1464138612
6	124450_6	623N	1464138330 1464138672
6	124450_6	622N	1464138330 1464138762
6	124450_6	621N	1464138330 1464138852
6	124450_6	619N	1464138330 1464139032
6	124450_6	618N	1464138330 1464139122
6	124450_6	617N	1464138330 1464139182
6	124450_6	616N	1464138330 1464139302
6	124450_6	615N	1464138330 1464139362
6	124450_6	614N	1464138330 1464139482
6	124450_6	613N	1464138330 1464139662
6	124450_6	612N	1464138330 1464139752
6	124450_6	611N	1464138330 1464139842
6	124450_6	610N	1464138330 1464139902
6	124450_6	609N	1464138330 1464139992
6	124450_6	608N	1464138330 1464140052
6	124450_6	607N	1464138330 1464140142
6	124450_6	606N	1464138330 1464140202
6	124450_6	604N	1464138330 1464140262
6	124450_6	603N	1464138330 1464140352
6	124450_6	602N	1464138330 1464140442
6	124450_6	601N	1464138330 1464140592
6	124500_6	614S	1464138330 1464138348
6	124500_6	615S	1464138330 1464138468
6	124500_6	616S	1464138330 1464138528
6	124500_6	617S	1464138330 1464138648
6	124500_6	618S	1464138330 1464138708
6	124500_6	619S	1464138330 1464138798
6	124500_6	621S	1464138330 1464138978
6	124500_6	622S	1464138330 1464139068
6	124500_6	623S	1464138330 1464139158
6	124500_6	624S	1464138330 1464139218
6	124500_6	625S	1464138330 1464139308
6	124500_6	626S	1464138330 1464139428
6	124500_6	627S	1464138330 1464139518
6	124500_6	628S	1464138330 1464139638
6	124500_6	629S	1464138330 1464139728
6	124500_6	630S	1464138330 1464139818
6	124500_6	631S	1464138330 1464139938
6	124500_6	632S	1464138330 1464140058
6	124500_6	633S	1464138330 1464140118
6	124500_6	634S	1464138330 1464140178
6	124500_6	635S	1464138330 1464140268
6	124500_6	636S	1464138330 1464140358
6	124500_6	637S	1464138330 1464140418
6	124500_6	638S	1464138330 1464140508
6	124500_6	639S	1464138330 1464140568
6	124500_6	640S	1464138330 1464140688
6	124950_6	630N	1464138330 1464138347
6	124950_6	629N	1464138330 1464138437
6	124950_6	628N	1464138330 1464138557
6	124950_6	627N	1464138330 1464138647
6	124950_6	626N	1464138330 1464138737
6	124950_6	625N	1464138330 1464138857
6	124950_6	624N	1464138330 1464138947
6	124950_6	623N	1464138330 1464139007
6	124950_6	622N	1464138330 1464139097
6	124950_6	621N	1464138330 1464139187
6	124950_6	619N	1464138330 1464139367
6	124950_6	618N	1464138330 1464139457
6	124950_6	617N	1464138330 1464139517
6	124950_6	616N	1464138330 1464139637
6	124950_6	615N	1464138330 1464139697
6	124950_6	614N	1464138330 1464139817
6	124950_6	613N	1464138330 1464139997
6	124950_6	612N	1464138330 1464140087
6	124950_6	611N	1464138330 1464140177
6	124950_6	610N	1464138330 1464140237
6	124950_6	609N	1464138330 1464140327
6	124950_6	608N	1464138330 1464140387
6	124950_6	607N	1464138330 1464140477
6	124950_6	606N	1464138330 1464140537
6	124950_6	604N	1464138330 1464140597
6	124950_6	603N	1464138330 1464140687
6	124950_6	602N	1464138330 1464140777
6	124950_6	601N	1464138330 1464140927
6	125100_6	612S	1464138330 1464138350
6	125100_6	613S	1464138330 1464138470
6	125100_6	614S	1464138330 1464138560
6	125100_6	615S	1464138330 1464138680
6	125100_6	616S	1464138330 1464138740
6	125100_6	617S	1464138330 1464138860
6	125100_6	618S	1464138330 1464138920
6	125100_6	619S	1464138330 1464139010
6	125100_6	621S	1464138330 1464139190
6	125100_6	622S	1464138330 1464139280
6	125100_6	623S	1464138330 1464139370
6	125100_6	624S	1464138330 1464139430
6	125100_6	625S	1464138330 1464139520
6	125100_6	626S	1464138330 1464139640
6	125100_6	627S	1464138330 1464139730
6	125100_6	628S	1464138330 1464139850
6	125100_6	629S	1464138330 1464139940
6	125100_6	630S	1464138330 1464140030
6	125100_6	631S	1464138330 1464140150
6	125100_6	632S	1464138330 1464140270
6	125100_6	633S	1464138330 1464140330
6	125100_6	634S	1464138330 1464140390
6	125100_6	635S	1464138330 1464140480
6	125100_6	636S	1464138330 1464140570
6	125100_6	637S	1464138330 1464140630
6	125100_6	638S	1464138330 1464140720
6	125100_6	639S	1464138330 1464140780
6	125100_6	640S	1464138330 1464140900
6	125450_6	632N	1464138330 1464138374
6	125450_6	631N	1464138330 1464138494
6	125450_6	630N	1464138330 1464138584
6	125450_6	629N	1464138330 1464138674
6	125450_6	628N	1464138330 1464138794
6	125450_6	627N	1464138330 1464138884
6	125450_6	626N	1464138330 1464138974
6	125450_6	625N	1464138330 1464139094
6	125450_6	624N	1464138330 1464139184
6	125450_6	623N	1464138330 1464139244
6	125450_6	622N	1464138330 1464139334
6	125450_6	621N	1464138330 1464139424
6	125450_6	619N	1464138330 1464139604
6	125450_6	618N	1464138330 1464139694
6	125450_6	617N	1464138330 1464139754
6	125450_6	616N	1464138330 1464139874
6	125450_6	615N	1464138330 1464139934
6	125450_6	614N	1464138330 1464140054
6	125450_6	613N	1464138330 1464140234
6	125450_6	612N	1464138330 1464140324
6	125450_6	611N	1464138330 1464140414
6	125450_6	610N	1464138330 1464140474
6	125450_6	609N	1464138330 1464140564
6	125450_6	608N	1464138330 1464140684
6	125450_6	607N	1464138330 1464140774
6	125450_6	606N	1464138330 1464140834
6	125450_6	604N	1464138330 1464140894
6	125450_6	603N	1464138330 1464140984
6	125450_6	602N	1464138330 1464141074
6	125450_6	601N	1464138330 1464141224
6	125700_6	607S	1464138330 1464138309
6	125700_6	608S	1464138330 1464138399
6	125700_6	609S	1464138330 1464138489
6	125700_6	610S	1464138330 1464138579
6	125700_6	611S	1464138330 1464138639
6	125700_6	612S	1464138330 1464138729
6	125700_6	613S	1464138330 1464138849
6	125700_6	614S	1464138330 1464138939
6	125700_6	615S	1464138330 1464139059
6	125700_6	616S	1464138330 1464139119
6	125700_6	617S	1464138330 1464139239
6	125700_6	618S	1464138330 1464139299
6	125700_6	619S	1464138330 1464139389
6	125700_6	621S	1464138330 1464139569
6	125700_6	622S	1464138330 1464139659
6	125700_6	623S	1464138330 1464139749
6	125700_6	624S	1464138330 1464139809
6	125700_6	625S	1464138330 1464139899
6	125700_6	626S	1464138330 1464140019
6	125700_6	627S	1464138330 1464140109
6	125700_6	628S	1464138330 1464140229
6	125700_6	629S	1464138330 1464140319
6	125700_6	630S	1464138330 1464140409
6	125700_6	631S	1464138330 1464140529
6	125700_6	632S	1464138330 1464140649
6	125700_6	633S	1464138330 1464140709
6	125700_6	634S	1464138330 1464140769
6	125700_6	635S	1464138330 1464140859
6	125700_6	636S	1464138330 1464140949
6	125700_6	637S	1464138330 1464141009
6	125700_6	638S	1464138330 1464141099
6	125700_6	639S	1464138330 1464141159
6	125700_6	640S	1464138330 1464141279
6	125950_6	636N	1464138330 1464138311
6	125950_6	635N	1464138330 1464138371
6	125950_6	634N	1464138330 1464138491
6	125950_6	633N	1464138330 1464138551
6	125950_6	632N	1464138330 1464138611
6	125950_6	631N	1464138330 1464138731
6	125950_6	630N	1464138330 1464138821
6	125950_6	629N	1464138330 1464138911
6	125950_6	628N	1464138330 1464139031
6	125950_6	627N	1464138330 1464139121
6	125950_6	626N	1464138330 1464139211
6	125950_6	625N	1464138330 1464139331
6	125950_6	624N	1464138330 1464139421
6	125950_6	623N	1464138330 1464139481
6	125950_6	622N	1464138330 1464139571
6	125950_6	621N	1464138330 1464139661
6	125950_6	619N	1464138330 1464139841
6	125950_6	618N	1464138330 1464139931
6	125950_6	617N	1464138330 1464139991
6	125950_6	616N	1464138330 1464140111
6	125950_6	615N	1464138330 1464140171
6	125950_6	614N	1464138330 1464140291
6	125950_6	613N	1464138330 1464140471
6	125950_6	612N	1464138330 1464140561
6	125950_6	611N	1464138330 1464140651
6	125950_6	610N	1464138330 1464140711
6	125950_6	609N	1464138330 1464140801
6	125950_6	608N	1464138330 1464140861
6	125950_6	607N	1464138330 1464140951
6	125950_6	606N	1464138330 1464141011
6	125950_6	604N	1464138330 1464141071
6	125950_6	603N	1464138330 1464141161
6	125950_6	602N	1464138330 1464141251
6	125950_6	601N	1464138330 1464141401
6	126400_6	602S	1464138330 1464138356
6	126400_6	603S	1464138330 1464138446
6	126400_6	604S	1464138330 1464138536
6	126400_6	606S	1464138330 1464138596
6	126400_6	607S	1464138330 1464138656
6	126400_6	608S	1464138330 1464138746
6	126400_6	609S	1464138330 1464138836
6	126400_6	610S	1464138330 1464138926
6	126400_6	611S	1464138330 1464138986
6	126400_6	612S	1464138330 1464139076
6	126400_6	613S	1464138330 1464139196
6	126400_6	614S	1464138330 1464139286
6	126400_6	615S	1464138330 1464139406
6	126400_6	616S	1464138330 1464139466
6	126400_6	617S	1464138330 1464139586
6	126400_6	618S	1464138330 1464139646
6	126400_6	619S	1464138330 1464139736
6	126400_6	621S	1464138330 1464139916
6	126400_6	622S	1464138330 1464140006
6	126400_6	623S	1464138330 1464140096
6	126400_6	624S	1464138330 1464140156
6	126400_6	625S	1464138330 1464140246
6	126400_6	626S	1464138330 1464140366
6	126400_6	627S	1464138330 1464140456
6	126400_6	628S	1464138330 1464140576
6	126400_6	629S	1464138330 1464140666
6	126400_6	630S	1464138330 1464140756
6	126400_6	631S	1464138330 1464140876
6	126400_6	632S	1464138330 1464140996
6	126400_6	633S	1464138330 1464141056
6	126400_6	634S	1464138330 1464141116
6	126400_6	635S	1464138330 1464141206
6	126400_6	636S	1464138330 1464141296
6	126400_6	637S	1464138330 1464141356
6	126400_6	638S	1464138330 1464141446
6	126400_6	639S	1464138330 1464141506
6	126400_6	640S	1464138330 1464141626
6	126450_6	640N	1464138330 1464138270
6	126450_6	639N	1464138330 1464138390
6	126450_6	638N	1464138330 1464138480
6	126450_6	637N	1464138330 1464138540
6	126450_6	636N	1464138330 1464138630
6	126450_6	635N	1464138330 1464138690
6	126450_6	634N	1464138330 1464138810
6	126450_6	633N	1464138330 1464138870
6	126450_6	632N	1464138330 1464138930
6	126450_6	631N	1464138330 1464139050
6	126450_6	630N	1464138330 1464139140
6	126450_6	629N	1464138330 1464139230
6	126450_6	628N	1464138330 1464139350
6	126450_6	627N	1464138330 1464139440
6	126450_6	626N	1464138330 1464139530
6	126450_6	625N	1464138330 1464139650
6	126450_6	624N	1464138330 1464139740
6	126450_6	623N	1464138330 1464139800
6	126450_6	622N	1464138330 1464139890
6	126450_6	621N	1464138330 1464139980
6	126450_6	619N	1464138330 1464140160
6	126450_6	618N	1464138330 1464140250
6	126450_6	617N	1464138330 1464140310
6	126450_6	616N	1464138330 1464140430
6	126450_6	615N	1464138330 1464140490
6	126450_6	614N	1464138330 1464140610
6	126450_6	613N	1464138330 1464140790
6	126450_6	612N	1464138330 1464140880
6	126450_6	611N	1464138330 1464140970
6	126450_6	610N	1464138330 1464141030
6	126450_6	609N	1464138330 1464141120
6	126450_6	608N	1464138330 1464141180
6	126450_6	607N	1464138330 1464141270
6	126450_6	606N	1464138330 1464141330
6	126450_6	604N	1464138330 1464141390
6	126450_6	603N	1464138330 1464141480
6	126450_6	602N	1464138330 1464141570
6	126450_6	601N	1464138330 1464141720
6	126950_6	640N	1464138330 1464138570
6	126950_6	639N	1464138330 1464138690
6	126950_6	638N	1464138330 1464138780
6	126950_6	637N	1464138330 1464138840
6	126950_6	636N	1464138330 1464138930
6	126950_6	635N	1464138330 1464138990
6	126950_6	634N	1464138330 1464139110
6	126950_6	633N	1464138330 1464139170
6	126950_6	632N	1464138330 1464139230
6	126950_6	631N	1464138330 1464139350
6	126950_6	630N	1464138330 1464139440
6	126950_6	629N	1464138330 1464139530
6	126950_6	628N	1464138330 1464139650
6	126950_6	627N	1464138330 1464139740
6	126950_6	626N	1464138330 1464139830
6	126950_6	625N	1464138330 1464139950
6	126950_6	624N	1464138330 1464140040
6	126950_6	623N	1464138330 1464140100
6	126950_6	622N	1464138330 1464140190
6	126950_6	621N	1464138330 1464140340
6	126950_6	619N	1464138330 1464140520
6	126950_6	618N	1464138330 1464140610
6	126950_6	617N	1464138330 1464140670
6	126950_6	616N	1464138330 1464140790
6	126950_6	615N	1464138330 1464140850
6	126950_6	614N	1464138330 1464140970
6	126950_6	613N	1464138330 1464141150
6	126950_6	612N	1464138330 1464141240
6	126950_6	611N	1464138330 1464141330
6	126950_6	610N	1464138330 1464141390
6	126950_6	609N	1464138330 1464141480
6	126950_6	608N	1464138330 1464141540
6	126950_6	607N	1464138330 1464141630
6	126950_6	606N	1464138330 1464141690
6	126950_6	604N	1464138330 1464141750
6	126950_6	603N	1464138330 1464141840
6	126950_6	602N	1464138330 1464141930
6	126950_6	601N	1464138330 1464142080
6	127100_6	601S	1464138330 1464138660
6	127100_6	602S	1464138330 1464138810
6	127100_6	603S	1464138330 1464138900
6	127100_6	604S	1464138330 1464138990
6	127100_6	606S	1464138330 1464139050
6	127100_6	607S	1464138330 1464139110
6	127100_6	608S	1464138330 1464139200
6	127100_6	609S	1464138330 1464139290
6	127100_6	610S	1464138330 1464139380
6	127100_6	611S	1464138330 1464139440
6	127100_6	612S	1464138330 1464139530
6	127100_6	613S	1464138330 1464139650
6	127100_6	614S	1464138330 1464139740
6	127100_6	615S	1464138330 1464139860
6	127100_6	616S	1464138330 1464139920
6	127100_6	617S	1464138330 1464140040
6	127100_6	618S	1464138330 1464140100
6	127100_6	619S	1464138330 1464140190
6	127100_6	621S	1464138330 1464140370
6	127100_6	622S	1464138330 1464140460
6	127100_6	623S	1464138330 1464140550
6	127100_6	624S	1464138330 1464140610
6	127100_6	625S	1464138330 1464140700
6	127100_6	626S	1464138330 1464140820
6	127100_6	627S	1464138330 1464140910
6	127100_6	628S	1464138330 1464141030
6	127100_6	629S	1464138330 1464141120
6	127100_6	630S	1464138330 1464141210
6	127100_6	631S	1464138330 1464141330
6	127100_6	632S	1464138330 1464141450
6	127100_6	633S	1464138330 1464141510
6	127100_6	634S	1464138330 1464141570
6	127100_6	635S	1464138330 1464141660
6	127100_6	636S	1464138330 1464141750
6	127100_6	637S	1464138330 1464141810
6	127100_6	638S	1464138330 1464141900
6	127100_6	639S	1464138330 1464141960
6	127100_6	640S	1464138330 1464142080
6	127550_6	640N	1464138330 1464138930
6	127550_6	639N	1464138330 1464139050
6	127550_6	638N	1464138330 1464139140
6	127550_6	637N	1464138330 1464139200
6	127550_6	636N	1464138330 1464139290
6	127550_6	635N	1464138330 1464139350
6	127550_6	634N	1464138330 1464139470
6	127550_6	633N	1464138330 1464139530
6	127550_6	632N	1464138330 1464139590
6	127550_6	631N	1464138330 1464139710
6	127550_6	630N	1464138330 1464139800
6	127550_6	629N	1464138330 1464139890
6	127550_6	628N	1464138330 1464140010
6	127550_6	627N	1464138330 1464140100
6	127550_6	626N	1464138330 1464140190
6	127550_6	625N	1464138330 1464140310
6	127550_6	624N	1464138330 1464140400
6	127550_6	623N	1464138330 1464140460
6	127550_6	622N	1464138330 1464140550
6	127550_6	621N	1464138330 1464140730
6	127550_6	619N	1464138330 1464140910
6	127550_6	618N	1464138330 1464141000
6	127550_6	617N	1464138330 1464141060
6	127550_6	616N	1464138330 1464141180
6	127550_6	615N	1464138330 1464141240
6	127550_6	614N	1464138330 1464141360
6	127550_6	613N	1464138330 1464141540
6	127550_6	612N	1464138330 1464141630
6	127550_6	611N	1464138330 1464141720
6	127550_6	610N	1464138330 1464141780
6	127550_6	609N	1464138330 1464141870
6	127550_6	608N	1464138330 1464141930
6	127550_6	607N	1464138330 1464142020
6	127550_6	606N	1464138330 1464142080
6	127550_6	604N	1464138330 1464142140
6	127550_6	603N	1464138330 1464142230
6	127550_6	602N	1464138330 1464142320
6	127550_6	601N	1464138330 1464142470
6	127800_6	601S	1464138330 1464139080
6	127800_6	602S	1464138330 1464139230
6	127800_6	603S	1464138330 1464139320
6	127800_6	604S	1464138330 1464139410
6	127800_6	606S	1464138330 1464139470
6	127800_6	607S	1464138330 1464139530
6	127800_6	608S	1464138330 1464139620
6	127800_6	609S	1464138330 1464139710
6	127800_6	610S	1464138330 1464139800
6	127800_6	611S	1464138330 1464139860
6	127800_6	612S	1464138330 1464139950
6	127800_6	613S	1464138330 1464140070
6	127800_6	614S	1464138330 1464140160
6	127800_6	615S	1464138330 1464140280
6	127800_6	616S	1464138330 1464140340
6	127800_6	617S	1464138330 1464140460
6	127800_6	618S	1464138330 1464140520
6	127800_6	619S	1464138330 1464140610
6	127800_6	621S	1464138330 1464140790
6	127800_6	622S	1464138330 1464140880
6	127800_6	623S	1464138330 1464140970
6	127800_6	624S	1464138330 1464141030
6	127800_6	625S	1464138330 1464141120
6	127800_6	626S	1464138330 1464141240
6	127800_6	627S	1464138330 1464141330
6	127800_6	628S	1464138330 1464141450
6	127800_6	629S	1464138330 1464141540
6	127800_6	630S	1464138330 1464141630
6	127800_6	631S	1464138330 1464141750
6	127800_6	632S	1464138330 1464141870
6	127800_6	633S	1464138330 1464141930
6	127800_6	634S	1464138330 1464141990
6	127800_6	635S	1464138330 1464142080
6	127800_6	636S	1464138330 1464142170
6	127800_6	637S	1464138330 1464142230
6	127800_6	638S	1464138330 1464142320
6	127800_6	639S	1464138330 1464142380
6	127800_6	640S	1464138330 1464142500
6	128150_6	640N	1464138330 1464139290
6	128150_6	639N	1464138330 1464139410
6	128150_6	638N	1464138330 1464139500
6	128150_6	637N	1464138330 1464139560
6	128150_6	636N	1464138330 1464139650
6	128150_6	635N	1464138330 1464139710
6	128150_6	634N	1464138330 1464139830
6	128150_6	633N	1464138330 1464139890
6	128150_6	632N	1464138330 1464139950
6	128150_6	631N	1464138330 1464140070
6	128150_6	630N	1464138330 1464140160
6	128150_6	629N	1464138330 1464140250
6	128150_6	628N	1464138330 1464140370
6	128150_6	627N	1464138330 1464140460
6	128150_6	626N	1464138330 1464140550
6	128150_6	625N	1464138330 1464140670
6	128150_6	624N	1464138330 1464140760
6	128150_6	623N	1464138330 1464140820
6	128150_6	622N	1464138330 1464140910
6	128150_6	621N	1464138330 1464141120
6	128150_6	619N	1464138330 1464141300
6	128150_6	618N	1464138330 1464141390
6	128150_6	617N	1464138330 1464141450
6	128150_6	616N	1464138330 1464141570
6	128150_6	615N	1464138330 1464141630
6	128150_6	614N	1464138330 1464141750
6	128150_6	613N	1464138330 1464141930
6	128150_6	612N	1464138330 1464142020
6	128150_6	611N	1464138330 1464142110
6	128150_6	610N	1464138330 1464142170
6	128150_6	609N	1464138330 1464142260
6	128150_6	608N	1464138330 1464142320
6	128150_6	607N	1464138330 1464142410
6	128150_6	606N	1464138330 1464142470
6	128150_6	604N	1464138330 1464142530
6	128150_6	603N	1464138330 1464142620
6	128150_6	602N	1464138330 1464142710
6	128150_6	601N	1464138330 1464142860
6	128550_6	601S	1464138330 1464139530
6	128550_6	602S	1464138330 1464139680
6	128550_6	603S	1464138330 1464139770
6	128550_6	604S	1464138330 1464139860
6	128550_6	606S	1464138330 1464139920
6	128550_6	607S	1464138330 1464139980
6	128550_6	608S	1464138330 1464140070
6	128550_6	609S	1464138330 1464140160
6	128550_6	610S	1464138330 1464140250
6	128550_6	611S	1464138330 1464140310
6	128550_6	612S	1464138330 1464140400
6	128550_6	613S	1464138330 1464140520
6	128550_6	614S	1464138330 1464140610
6	128550_6	615S	1464138330 1464140730
6	128550_6	616S	1464138330 1464140790
6	128550_6	617S	1464138330 1464140910
6	128550_6	618S	1464138330 1464140970
6	128550_6	619S	1464138330 1464141060
6	128550_6	621S	1464138330 1464141240
6	128550_6	622S	1464138330 1464141330
6	128550_6	623S	1464138330 1464141420
6	128550_6	624S	1464138330 1464141480
6	128550_6	625S	1464138330 1464141570
6	128550_6	626S	1464138330 1464141690
6	128550_6	627S	1464138330 1464141780
6	128550_6	628S	1464138330 1464141900
6	128550_6	629S	1464138330 1464141990
6	128550_6	630S	1464138330 1464142080
6	128550_6	631S	1464138330 1464142200
6	128550_6	632S	1464138330 1464142320
6	128550_6	633S	1464138330 1464142380
6	128550_6	634S	1464138330 1464142440
6	128550_6	635S	1464138330 1464142530
6	128550_6	636S	1464138330 1464142620
6	128550_6	637S	1464138330 1464142680
6	128550_6	638S	1464138330 1464142770
6	128550_6	639S	1464138330 1464142830
6	128550_6	640S	1464138330 1464142950
6	128750_6	640N	1464138330 1464139650
6	128750_6	639N	1464138330 1464139770
6	128750_6	638N	1464138330 1464139860
6	128750_6	637N	1464138330 1464139920
6	128750_6	636N	1464138330 1464140010
6	128750_6	635N	1464138330 1464140070
6	128750_6	634N	1464138330 1464140190
6	128750_6	633N	1464138330 1464140250
6	128750_6	632N	1464138330 1464140310
6	128750_6	631N	1464138330 1464140430
6	128750_6	630N	1464138330 1464140520
6	128750_6	629N	1464138330 1464140610
6	128750_6	628N	1464138330 1464140730
6	128750_6	627N	1464138330 1464140820
6	128750_6	626N	1464138330 1464140910
6	128750_6	625N	1464138330 1464141030
6	128750_6	624N	1464138330 1464141120
6	128750_6	623N	1464138330 1464141180
6	128750_6	622N	1464138330 1464141270
6	128750_6	621N	1464138330 1464141480
6	128750_6	619N	1464138330 1464141660
6	128750_6	618N	1464138330 1464141750
6	128750_6	617N	1464138330 1464141810
6	128750_6	616N	1464138330 1464141930
6	128750_6	615N	1464138330 1464141990
6	128750_6	614N	1464138330 1464142110
6	128750_6	613N	1464138330 1464142290
6	128750_6	612N	1464138330 1464142380
6	128750_6	611N	1464138330 1464142470
6	128750_6	610N	1464138330 1464142530
6	128750_6	609N	1464138330 1464142620
6	128750_6	608N	1464138330 1464142680
6	128750_6	607N	1464138330 1464142770
6	128750_6	606N	1464138330 1464142830
6	128750_6	604N	1464138330 1464142890
6	128750_6	603N	1464138330 1464142980
6	128750_6	602N	1464138330 1464143070
6	128750_6	601N	1464138330 1464143220
6	129350_6	640N	1464138330 1464140010
6	129350_6	639N	1464138330 1464140130
6	129350_6	638N	1464138330 1464140220
6	129350_6	637N	1464138330 1464140280
6	129350_6	636N	1464138330 1464140370
6	129350_6	635N	1464138330 1464140430
6	129350_6	634N	1464138330 1464140550
6	129350_6	633N	1464138330 1464140610
6	129350_6	632N	1464138330 1464140670
6	129350_6	631N	1464138330 1464140790
6	129350_6	630N	1464138330 1464140880
6	129350_6	629N	1464138330 1464140970
6	129350_6	628N	1464138330 1464141090
6	129350_6	627N	1464138330 1464141180
6	129350_6	626N	1464138330 1464141270
6	129350_6	625N	1464138330 1464141390
6	129350_6	624N	1464138330 1464141480
6	129350_6	623N	1464138330 1464141540
6	129350_6	622N	1464138330 1464141630
6	129350_6	621N	1464138330 1464141840
6	129350_6	619N	1464138330 1464142020
6	129350_6	618N	1464138330 1464142110
6	129350_6	617N	1464138330 1464142170
6	129350_6	616N	1464138330 1464142290
6	129350_6	615N	1464138330 1464142350
6	129350_6	614N	1464138330 1464142470
6	129350_6	613N	1464138330 1464142650
6	129350_6	612N	1464138330 1464142740
6	129350_6	611N	1464138330 1464142830
6	129350_6	610N	1464138330 1464142890
6	129350_6	609N	1464138330 1464142980
6	129350_6	608N	1464138330 1464143040
6	129350_6	607N	1464138330 1464143130
6	129350_6	606N	1464138330 1464143190
6	129350_6	604N	1464138330 1464143250
6	129350_6	603N	1464138330 1464143340
6	129350_6	602N	1464138330 1464143430
6	129350_6	601N	1464138330 1464143580
6	129350_6	601S	1464138330 1464140010
6	129350_6	602S	1464138330 1464140160
6	129350_6	603S	1464138330 1464140250
6	129350_6	604S	1464138330 1464140340
6	129350_6	606S	1464138330 1464140400
6	129350_6	607S	1464138330 1464140460
6	129350_6	608S	1464138330 1464140550
6	129350_6	609S	1464138330 1464140640
6	129350_6	610S	1464138330 1464140730
6	129350_6	611S	1464138330 1464140790
6	129350_6	612S	1464138330 1464140880
6	129350_6	613S	1464138330 1464141000
6	129350_6	614S	1464138330 1464141090
6	129350_6	615S	1464138330 1464141210
6	129350_6	616S	1464138330 1464141270
6	129350_6	617S	1464138330 1464141390
6	129350_6	618S	1464138330 1464141450
6	129350_6	619S	1464138330 1464141540
6	129350_6	621S	1464138330 1464141720
6	129350_6	622S	1464138330 1464141810
6	129350_6	623S	1464138330 1464141900
6	129350_6	624S	1464138330 1464141960
6	129350_6	625S	1464138330 1464142050
6	129350_6	626S	1464138330 1464142170
6	129350_6	627S	1464138330 1464142260
6	129350_6	628S	1464138330 1464142380
6	129350_6	629S	1464138330 1464142470
6	129350_6	630S	1464138330 1464142560
6	129350_6	631S	1464138330 1464142680
6	129350_6	632S	1464138330 1464142800
6	129350_6	633S	1464138330 1464142860
6	129350_6	634S	1464138330 1464142920
6	129350_6	635S	1464138330 1464143010
6	129350_6	636S	1464138330 1464143100
6	129350_6	637S	1464138330 1464143160
6	129350_6	638S	1464138330 1464143250
6	129350_6	639S	1464138330 1464143310
6	129350_6	640S	1464138330 1464143430