trip_id	total_stops	unmatched	Pelham Bay Park	Buhre Av	Middletown Rd	Westchester Sq - E Tremont Av	Zerega Av	Castle Hill Av	Parkchester	St Lawrence Av	Morrison Av- Sound View	Elder Av	Whitlock Av	Hunts Point Av	Longwood Av	E 149 St	E 143 St - St Mary's St	Cypress Av	Brook Av	3 Av - 138 St	125 St	116 St	110 St	103 St	96 St	86 St	77 St	68 St - Hunter College	59 St	51 St	Grand Central - 42 St	33 St	28 St	23 St	14 St - Union Sq	Astor Pl	Bleecker St	Spring St	Canal St	Brooklyn Bridge - City Hall	
003950_6	38	0	00:39:30	00:42:18	00:43:46	00:45:37	00:46:54	00:48:15	00:49:56	00:51:37	00:53:00	00:54:12	00:56:08	00:58:11	01:00:15	01:01:54	01:03:22	01:04:59	01:06:31	01:08:30	01:11:45	01:14:14	01:15:40	01:17:03	01:18:33	01:20:19	01:21:47	01:23:20	01:26:44	01:28:25	01:30:52	01:33:59	01:35:07	01:36:19	01:38:07	01:40:19	01:41:48	01:43:06	01:43:53	01:45:55	
005950_6	38	0	00:59:30	01:01:23	01:02:51	01:04:36	01:05:57	01:07:04	01:08:41	01:10:03	01:11:18	01:12:22	01:14:03	01:16:00	01:17:46	01:19:16	01:20:33	01:22:58	01:24:51	01:26:21	01:29:32	01:31:19	01:32:33	01:33:44	01:35:03	01:36:41	01:38:04	01:39:32	01:41:00	01:43:55	01:47:09	01:53:14	01:54:28	01:55:30	01:56:58	01:58:56	02:00:11	02:01:16	02:02:15	02:04:18	
007950_6	38	0	01:19:30	01:21:03	01:22:23	01:24:12	01:25:27	01:26:36	01:28:12	01:29:38	01:30:58	01:32:00	01:33:35	01:35:15	01:36:58	01:39:05	01:40:22	01:42:48	01:44:15	01:45:44	01:48:42	01:50:32	01:52:00	01:53:34	01:55:22	01:57:00	01:58:24	01:59:50	02:02:18	02:04:02	02:06:14	02:08:31	02:09:34	02:10:40	02:12:10	02:14:12	02:15:28	02:16:42	02:17:19	02:19:02	
009950_6	38	0	01:39:30	01:41:16	01:42:40	01:44:32	01:45:42	01:46:55	01:51:06	01:52:26	01:53:44	01:54:47	01:56:40	01:58:36	02:00:41	02:02:14	02:03:37	02:06:21	02:07:33	02:09:05	02:12:33	02:14:47	02:16:27	02:18:00	02:19:24	02:22:04	02:22:54	02:24:20	02:26:59	02:28:38	02:31:07	02:33:52	02:34:54	02:35:59	02:37:34	02:39:44	02:41:00	02:42:19	02:42:57	02:44:56	
011950_6	38	0	01:59:30	02:01:17	02:02:40	02:04:20	02:05:33	02:06:51	02:08:37	02:10:05	02:11:26	02:12:34	02:14:23	02:16:21	02:18:14	02:19:57	02:21:55	02:25:08	02:26:22	02:27:55	02:31:04	02:32:59	02:34:32	02:36:13	02:37:43	02:39:23	02:40:53	02:42:22	02:45:15	02:47:16	02:49:43	02:52:34	02:53:40	02:54:49	02:56:36	02:59:39	03:01:00	03:02:12	03:02:51	03:04:55	
013950_6	38	0	02:19:30	02:21:14	02:22:43	02:24:31	02:25:45	02:26:56	02:28:40	02:30:13	02:31:35	02:32:41	02:35:12	02:38:30	02:40:30	02:42:06	02:44:02	02:47:23	02:48:55	02:50:30	02:54:29	02:56:30	02:57:45	02:59:00	03:00:24	03:02:06	03:03:33	03:05:01	03:07:47	03:09:36	03:12:01	03:14:23	03:15:28	03:16:34	03:18:12	03:20:22	03:21:39	03:22:51	03:23:32	03:25:22	
015950_6	38	0	02:39:30	02:41:17	02:42:35	02:44:28	02:45:41	02:47:01	02:48:41	02:50:13	02:51:31	02:52:40	02:54:17	03:00:27	03:02:32	03:04:14	03:06:04	03:10:20	03:11:46	03:13:28	03:20:26	03:24:23	03:25:40	03:26:53	03:28:18	03:29:56	03:31:21	03:32:46	03:34:08	03:35:37	03:38:03	03:40:31	03:41:37	03:42:43	03:44:15	03:46:26	03:47:41	03:48:47	03:49:21	03:50:57	
017950_6	38	0	02:59:30	03:01:32	03:02:53	03:04:48	03:06:02	03:07:09	03:08:48	03:10:25	03:11:41	03:12:43	03:14:34	03:16:29	03:18:18	03:19:59	03:22:03	03:24:55	03:26:06	03:27:47	03:30:58	03:33:00	03:34:14	03:35:30	03:36:55	03:38:34	03:40:02	03:41:27	03:42:54	03:44:27	03:47:01	03:49:24	03:50:23	03:51:26	03:52:57	03:54:59	03:56:13	03:57:33	03:58:08	04:00:24	
019950_6	38	0	03:19:30	03:22:05	03:23:42	03:25:40	03:27:01	03:28:16	03:29:59	03:31:31	03:32:54	03:34:02	03:35:54	03:38:09	03:40:19	03:42:11	03:44:17	03:47:32	03:48:46	03:50:21	03:53:30	03:55:38	03:56:56	03:58:24	03:59:53	04:01:41	04:03:13	04:04:48	04:06:19	04:07:54	04:10:33	04:13:17	04:14:26	04:15:38	04:17:17	04:19:34	04:20:59	04:22:16	04:22:59	04:24:58	
021950_6	38	0	03:39:30	03:41:39	03:43:03	03:44:55	03:46:09	03:47:19	03:48:57	03:50:24	03:51:42	03:52:47	03:54:35	03:56:32	03:58:20	03:59:56	04:01:46	04:03:56	04:05:06	04:06:33	04:09:30	04:12:09	04:13:38	04:14:56	04:16:21	04:18:01	04:19:27	04:20:50	04:22:15	04:23:47	04:25:56	04:28:20	04:29:35	04:30:46	04:32:19	04:34:13	04:35:29	04:36:37	04:37:13	04:38:54	
023950_6	38	0	03:59:30	04:01:18	04:02:51	04:04:58	04:06:19	04:07:32	04:09:17	04:10:49	04:12:10	04:13:17	04:15:07	04:17:05	04:18:57	04:20:33	04:22:00	04:23:37	04:24:47	04:26:20	04:29:05	04:31:02	04:32:28	04:33:50	04:35:13	04:36:53	04:38:19	04:39:46	04:41:14	04:42:45	04:44:35	04:46:57	04:48:02	04:49:11	04:50:50	04:52:57	04:54:16	04:55:31	04:56:16	04:58:09	
025500_6	38	0	04:15:00	04:17:23	04:18:43	04:20:29	04:21:39	04:22:45	04:24:23	04:25:49	04:27:06	04:28:08	04:29:46	04:31:22	04:33:04	04:34:35	04:35:50	04:37:20	04:38:26	04:39:51	04:43:13	04:45:27	04:46:40	04:47:56	04:49:20	04:51:10	04:52:43	04:54:11	04:55:35	04:57:40	04:59:23	05:01:35	05:02:39	05:03:46	05:05:16	05:07:12	05:08:26	05:09:35	05:10:41	05:11:49	
027000_6	38	0	04:30:00	04:31:29	04:32:56	04:34:52	04:36:06	04:37:17	04:39:08	04:40:59	04:41:54	04:43:00	04:44:51	04:46:53	04:48:44	04:50:18	04:51:43	04:53:18	04:54:25	04:55:56	04:58:47	05:01:15	05:02:32	05:03:49	05:05:18	05:07:00	05:08:25	05:09:53	05:11:19	05:12:49	05:14:41	05:17:24	05:18:26	05:19:33	05:21:06	05:23:13	05:24:29	05:25:39	05:26:47	05:28:08	
028200_6	38	0	04:42:00	04:43:35	04:45:05	04:46:52	04:48:05	04:49:16	04:50:59	04:52:24	04:53:44	04:54:49	04:56:38	04:58:29	05:00:14	05:01:48	05:03:11	05:04:44	05:05:52	05:07:25	05:10:16	05:12:32	05:13:47	05:15:05	05:16:30	05:18:09	05:19:39	05:21:08	05:22:33	05:24:45	05:26:45	05:28:59	05:30:05	05:31:14	05:32:49	05:34:52	05:36:08	05:37:17	05:38:27	05:39:43	
029400_6	38	0	04:54:00	04:56:30	04:58:00	04:59:30	05:00:30	05:01:30	05:03:30	05:05:00	05:06:30	05:07:30	05:09:00	05:11:00	05:12:30	05:14:30	05:15:30	05:17:30	05:18:30	05:20:00	05:23:00	05:24:30	05:26:00	05:27:00	05:28:30	05:30:30	05:32:00	05:34:00	05:35:30	05:37:00	05:39:00	05:41:00	05:42:00	05:43:00	05:44:30	05:46:00	05:47:30	05:48:30	05:50:00	05:52:00	
029800_6	38	0	04:58:00	04:59:26	05:00:54	05:02:43	05:03:58	05:05:12	05:07:02	05:08:33	05:10:02	05:11:15	05:13:04	05:15:02	05:16:53	05:18:33	05:20:01	05:21:41	05:22:57	05:24:32	05:27:32	05:29:42	05:31:03	05:32:26	05:33:59	05:35:47	05:37:23	05:38:55	05:40:32	05:42:15	05:44:19	05:46:42	05:47:54	05:49:06	05:50:42	05:52:44	05:54:06	05:55:20	05:56:34	05:57:58	
030550_6	38	0	05:05:30	05:08:00	05:09:30	05:11:00	05:12:00	05:13:00	05:15:00	05:16:30	05:18:00	05:19:00	05:20:30	05:22:30	05:24:00	05:26:00	05:27:00	05:29:00	05:30:00	05:31:30	05:34:30	05:36:00	05:37:30	05:38:30	05:40:00	05:42:00	05:43:30	05:45:30	05:47:00	05:48:30	05:50:30	05:52:30	05:53:30	05:54:30	05:56:00	05:57:30	05:59:00	06:00:00	06:01:30	06:03:30	
031400_6	38	0	05:14:00	05:14:54	05:16:27	05:18:26	05:19:41	05:20:57	05:22:46	05:24:22	05:25:57	05:27:18	05:29:16	05:31:27	05:33:30	05:35:12	05:36:43	05:38:22	05:39:40	05:41:35	05:44:40	05:47:08	05:48:31	05:49:54	05:51:27	05:53:23	05:55:00	05:56:39	05:58:10	05:59:58	06:02:08	06:04:45	06:05:58	06:07:10	06:08:54	06:11:20	06:12:48	06:14:04	06:15:14	06:16:53	
032200_6	38	0	05:22:00	05:23:43	05:25:02	05:26:52	05:28:02	05:29:08	05:30:41	05:32:11	05:33:28	05:34:39	05:36:23	05:38:14	05:39:57	05:41:30	05:42:50	05:44:21	05:45:27	05:46:52	05:49:51	05:52:28	05:53:49	05:55:03	05:56:32	05:58:14	05:59:39	06:01:13	06:02:35	06:04:46	06:06:38	06:09:01	06:10:03	06:11:07	06:12:36	06:14:35	06:15:50	06:16:57	06:18:00	06:19:36	
033000_6	38	0	05:30:00	05:33:00	05:34:35	05:36:38	05:37:57	05:39:20	05:41:12	05:42:42	05:44:06	05:45:17	05:47:09	05:49:07	05:51:22	05:53:06	05:54:33	05:56:14	05:57:30	05:59:09	06:02:11	06:04:23	06:05:48	06:07:14	06:08:52	06:10:45	06:12:40	06:14:40	06:14:58	06:16:41	06:18:47	06:21:09	06:22:21	06:23:33	06:25:14	06:27:14	06:28:33	06:29:48	06:30:59	06:32:16	
033800_6	38	0	05:38:00	05:38:41	05:40:13	05:42:14	05:43:34	05:44:48	05:46:34	05:48:02	05:49:23	05:50:32	05:52:22	05:54:18	05:56:30	05:58:08	05:59:51	06:01:36	06:02:49	06:04:32	06:07:36	06:09:47	06:11:10	06:12:32	06:14:03	06:15:51	06:17:35	06:19:13	06:20:50	06:22:33	06:24:32	06:26:49	06:27:57	06:29:11	06:30:50	06:33:07	06:34:25	06:35:41	06:36:53	06:38:06	
034400_6	38	0	05:44:00	05:45:41	05:47:07	05:48:56	05:50:08	05:51:17	05:52:56	05:54:22	05:55:45	05:56:53	05:58:50	06:01:13	06:03:14	06:06:36	06:08:11	06:09:52	06:11:06	06:12:43	06:15:58	06:17:58	06:19:11	06:20:29	06:21:53	06:23:35	06:25:20	06:26:51	06:28:24	06:30:03	06:32:07	06:35:03	06:36:09	06:37:17	06:38:57	06:40:56	06:42:15	06:43:29	06:44:39	06:46:06	
035000_6	38	0	05:50:00	05:51:17	05:52:55	05:54:44	05:56:06	05:57:21	05:59:05	06:00:45	06:02:10	06:03:23	06:05:14	06:07:10	06:08:59	06:10:42	06:12:11	06:13:58	06:15:13	06:16:50	06:19:47	06:22:34	06:23:53	06:25:18	06:26:53	06:28:43	06:30:19	06:31:56	06:33:29	06:35:16	06:37:16	06:39:49	06:40:57	06:42:06	06:43:38	06:45:49	06:47:14	06:48:29	06:49:43	06:51:04	
035650_6	38	0	05:56:30	05:58:08	05:59:30	06:01:20	06:02:34	06:03:38	06:05:20	06:06:46	06:08:12	06:09:18	06:11:12	06:13:04	06:15:48	06:17:23	06:18:44	06:20:25	06:21:43	06:23:22	06:26:33	06:28:45	06:30:03	06:31:23	06:33:00	06:34:48	06:36:37	06:38:18	06:39:52	06:41:38	06:43:50	06:46:36	06:47:47	06:49:00	06:50:43	06:53:08	06:54:30	06:55:46	06:56:53	06:58:39	
037100_6	38	0	06:11:00	06:12:23	06:13:48	06:15:39	06:16:49	06:18:00	06:20:23	06:12:09	06:13:34	06:14:43	06:16:38	06:25:24	06:20:27	06:22:05	06:23:30	06:25:10	06:26:21	06:32:11	06:35:16	06:38:00	06:39:16	06:40:39	06:42:09	06:43:53	06:45:23	06:46:55	06:48:22	06:50:05	06:52:05	06:54:30	06:55:43	06:57:02	06:58:33	07:00:37	07:01:59	07:03:13	07:04:22	07:05:42	
038000_6	38	0	06:20:00	06:22:03	06:23:29	06:25:27	06:26:48	06:27:59	06:30:15	06:21:12	06:22:36	06:23:48	06:25:53	06:35:33	06:30:00	06:31:50	06:33:26	06:35:23	06:36:39	06:42:11	06:45:20	06:47:25	06:48:57	06:50:15	06:51:47	06:53:35	06:55:09	06:56:46	06:58:13	06:59:48	07:01:45	07:03:52	07:04:56	07:06:05	07:07:40	07:09:55	07:11:10	07:12:22	07:13:30	07:15:04	
038800_6	29	0	06:28:00	06:29:53	06:31:18	06:33:04	06:34:20	06:35:31	06:38:02	""	""	""	""	06:43:11	""	""	""	""	""	06:49:46	06:53:08	06:55:41	06:57:00	06:58:23	07:00:02	07:01:48	07:03:22	07:04:57	07:06:24	07:08:02	07:10:00	07:12:29	07:13:39	07:14:55	07:16:36	07:19:06	07:20:25	07:21:46	07:22:56	07:24:14	
038900_6	32	0	""	""	""	""	""	""	06:29:00	06:30:20	06:31:43	06:32:48	06:34:34	06:36:29	06:38:25	06:40:03	06:41:30	06:43:09	06:44:21	06:46:03	06:48:58	06:51:04	06:52:22	06:53:43	06:55:19	06:57:08	06:58:41	07:00:11	07:01:39	07:03:42	07:05:40	07:07:50	07:08:55	07:10:12	07:11:47	07:13:55	07:15:17	07:16:30	07:17:54	07:19:05	
039500_6	29	0	06:35:00	06:39:47	06:41:08	06:43:06	06:44:21	06:45:31	06:47:45	""	""	""	""	06:52:58	""	""	""	""	""	06:59:49	07:02:39	07:05:28	07:06:50	07:08:09	07:09:42	07:11:33	07:13:20	07:15:02	07:16:34	07:18:21	07:20:21	07:23:01	07:24:16	07:25:35	07:27:21	07:29:37	07:30:57	07:32:14	07:33:25	07:34:58	
039650_6	32	0	""	""	""	""	""	""	06:36:30	06:37:41	06:39:04	06:40:16	06:42:19	06:44:21	06:46:16	06:47:56	06:49:27	06:51:03	06:52:17	06:53:48	06:56:49	06:59:08	07:00:26	07:01:45	07:03:17	07:05:02	07:06:37	07:08:09	07:09:34	07:11:14	07:13:07	07:15:21	07:18:30	07:19:42	07:21:20	07:23:34	07:24:53	07:26:08	07:27:14	07:28:35	
040000_6	29	0	06:40:00	06:41:43	06:43:22	06:45:20	06:46:47	06:48:02	06:50:36	""	""	""	""	06:56:17	""	""	""	""	""	07:02:46	07:06:11	07:08:14	07:09:38	07:11:00	07:12:29	07:14:05	07:15:34	07:17:06	07:18:38	07:20:19	07:22:34	07:24:54	07:26:10	07:27:37	07:29:41	07:32:10	07:33:24	07:34:35	07:35:56	07:37:32	
040800_6	29	0	06:48:00	06:49:24	06:50:56	06:52:58	06:54:13	06:55:22	06:57:41	""	""	""	""	07:02:49	""	""	""	""	""	07:09:57	07:13:08	07:15:30	07:16:55	07:18:18	07:19:48	07:21:38	07:23:46	07:25:35	07:27:04	07:28:43	07:30:44	07:33:36	07:34:50	07:36:05	07:37:48	07:40:06	07:41:22	07:42:40	07:43:49	07:45:10	
040850_6	32	0	""	""	""	""	""	""	06:48:30	06:49:42	06:51:06	06:52:24	06:54:37	06:56:29	06:58:21	07:00:01	07:01:30	07:03:11	07:04:25	07:06:05	07:09:02	07:11:20	07:12:35	07:13:54	07:15:22	07:17:08	07:18:48	07:20:23	07:22:01	07:23:34	07:25:33	07:27:48	07:29:00	07:30:10	07:32:09	07:34:12	07:35:29	07:36:43	07:37:53	07:40:30	
041400_6	29	0	06:54:00	06:56:01	06:57:34	06:59:39	07:00:58	07:02:13	07:04:39	""	""	""	""	07:10:08	""	""	""	""	""	07:16:58	07:19:54	07:23:07	07:24:32	07:25:57	07:27:28	07:29:16	07:30:52	07:32:25	07:34:03	07:35:46	07:37:47	07:40:26	07:41:45	07:43:01	07:44:43	07:47:15	07:48:38	07:49:54	07:51:07	07:52:28	
041600_6	32	0	""	""	""	""	""	""	06:56:00	06:57:12	06:58:47	07:00:01	07:01:55	07:03:54	07:05:54	07:07:43	07:09:05	07:10:49	07:12:07	07:13:45	07:16:56	07:19:09	07:20:32	07:21:58	07:23:38	07:25:36	07:27:12	07:28:53	07:30:30	07:32:29	07:34:42	07:37:06	07:38:22	07:39:41	07:41:24	07:43:35	07:45:00	07:46:16	07:47:32	07:49:01	
041900_6	29	0	06:59:00	07:00:59	07:02:27	07:04:23	07:05:38	07:06:46	07:09:02	""	""	""	""	07:14:27	""	""	""	""	""	07:21:11	07:23:58	07:26:09	07:27:34	07:28:55	07:30:22	07:32:06	07:33:54	07:35:40	07:37:12	07:39:36	07:41:39	07:44:14	07:45:19	07:46:36	07:48:12	07:50:19	07:51:35	07:52:56	07:54:04	07:55:20	
042650_6	29	0	07:06:30	07:12:29	07:13:53	07:15:39	07:16:55	07:18:12	07:20:29	""	""	""	""	07:26:17	""	""	""	""	""	07:33:21	07:36:42	07:39:28	07:40:28	07:41:58	07:43:28	07:44:26	07:46:31	07:48:19	07:49:58	07:52:11	07:54:20	07:57:39	07:58:53	08:00:15	08:02:04	08:04:18	08:05:39	08:06:56	08:08:05	08:09:26	
042750_6	32	0	""	""	""	""	""	""	07:07:30	07:08:37	07:10:00	07:11:20	07:13:12	07:14:54	07:17:07	07:18:46	07:20:17	07:21:52	07:23:14	07:24:49	07:27:54	07:29:59	07:31:24	07:32:48	07:34:16	07:37:41	07:39:24	07:41:01	07:42:31	07:44:24	07:48:15	07:51:13	07:52:33	07:53:56	07:55:37	07:58:01	07:59:20	08:00:37	08:01:47	08:02:59	
043400_6	29	0	07:14:00	07:17:49	07:19:07	07:20:45	07:21:56	07:23:00	07:25:17	""	""	""	""	07:30:13	""	""	""	""	""	07:36:48	07:41:04	07:43:43	07:45:28	07:47:11	07:49:10	07:51:27	07:53:01	07:54:37	07:56:08	07:57:48	07:59:42	08:01:52	08:02:58	08:04:12	08:06:15	08:08:10	08:09:21	08:10:33	08:11:41	08:13:55	
043500_6	32	0	""	""	""	""	""	""	07:15:00	07:16:30	07:18:00	07:19:00	07:21:00	07:23:00	07:25:00	07:27:00	07:28:00	07:30:00	07:31:30	07:33:00	07:36:00	07:38:00	07:39:00	07:40:30	07:42:00	07:44:00	07:52:06	07:54:06	07:50:00	07:52:00	07:54:00	07:56:00	07:57:00	07:58:00	08:00:00	08:01:00	08:02:30	08:03:30	08:05:00	08:07:00	
043950_6	29	0	07:19:30	07:22:59	07:24:30	07:26:17	07:27:32	07:28:39	07:30:46	""	""	""	""	07:36:08	""	""	""	""	""	07:42:52	07:48:16	07:51:03	07:52:24	07:53:53	07:55:32	07:57:27	07:59:06	08:00:45	08:02:15	08:04:08	08:06:25	08:09:03	08:10:17	08:11:37	08:13:16	08:15:29	08:16:49	08:18:03	08:19:16	08:20:36	
044200_6	32	0	""	""	""	""	""	""	07:22:00	07:23:08	07:24:28	07:25:43	07:27:25	07:29:11	07:31:38	07:33:12	07:34:35	07:36:13	07:37:27	07:39:07	07:42:52	07:47:16	07:48:45	07:50:15	07:51:51	07:53:44	07:55:15	07:56:54	07:58:16	07:59:58	08:02:10	08:04:37	08:05:51	08:06:59	08:08:36	08:10:56	08:12:14	08:13:25	08:14:33	08:16:20	
044250_6	29	0	07:22:30	07:26:15	07:27:49	07:30:03	07:31:22	07:32:43	07:35:39	""	""	""	""	07:41:40	""	""	""	""	""	07:49:10	07:52:47	07:55:32	07:57:00	07:58:35	08:00:37	08:02:39	08:04:28	08:06:18	08:08:07	08:10:00	08:11:46	08:15:24	08:16:48	08:18:14	08:20:24	08:23:08	08:24:38	08:25:59	08:27:13	08:28:51	
044900_6	29	0	07:29:00	07:31:48	07:33:18	07:35:14	07:36:39	07:37:53	07:40:16	""	""	""	""	07:45:58	""	""	""	""	""	07:53:16	07:57:36	08:00:00	08:01:21	08:02:49	08:04:41	08:06:45	08:08:39	08:10:25	08:12:38	08:14:33	08:17:11	08:19:50	08:21:01	08:22:45	08:25:23	08:27:45	08:29:05	08:30:26	08:31:35	08:34:11	
045050_6	32	0	""	""	""	""	""	""	07:30:30	07:31:38	07:33:01	07:34:13	07:36:02	07:38:00	07:40:03	07:41:52	07:43:24	07:45:08	07:46:33	07:49:47	07:55:24	07:57:42	07:59:14	08:00:49	08:02:37	08:04:38	08:06:25	08:08:15	08:10:11	08:12:17	08:14:45	08:17:33	08:18:48	08:20:23	08:23:00	08:25:09	08:26:36	08:27:57	08:29:14	08:31:14	
045450_6	29	0	07:34:30	07:35:26	07:36:57	07:39:07	07:40:24	07:41:35	07:44:12	""	""	""	""	07:50:04	""	""	""	""	""	07:57:19	08:02:08	08:04:33	08:05:59	08:07:23	08:08:57	08:10:52	08:12:56	08:14:44	08:16:56	08:19:13	08:22:04	08:24:52	08:26:07	08:27:50	08:30:14	08:32:49	08:34:11	08:35:30	08:36:43	08:39:36	
045650_6	32	0	""	""	""	""	""	""	07:36:30	07:36:19	07:37:49	07:38:58	07:40:46	07:42:56	07:46:19	07:47:57	07:49:25	07:51:06	07:52:26	07:54:19	07:59:56	08:02:00	08:03:20	08:04:58	08:06:42	08:08:40	08:10:39	08:12:41	08:14:36	08:16:49	08:19:10	08:21:42	08:23:08	08:24:50	08:27:49	08:30:01	08:31:26	08:32:44	08:33:56	08:37:04	
045850_6	29	0	07:38:30	07:40:14	07:41:41	07:43:16	07:44:30	07:45:42	07:47:50	""	""	""	""	07:53:13	""	""	""	""	""	07:59:41	08:06:32	08:08:41	08:10:06	08:11:36	08:13:09	08:15:11	08:17:07	08:19:04	08:21:25	08:23:38	08:26:12	08:28:49	08:30:09	08:31:55	08:34:56	08:37:08	08:38:28	08:39:44	08:40:59	08:44:45	
046150_6	32	0	""	""	""	""	""	""	07:41:30	07:41:43	07:43:05	07:44:17	07:46:14	07:48:20	07:51:06	07:52:44	07:54:12	07:55:59	07:57:13	08:00:20	08:04:26	08:06:53	08:08:16	08:09:39	08:11:14	08:13:04	08:14:59	08:16:53	08:19:13	08:21:36	08:24:05	08:27:01	08:28:21	08:30:01	08:32:49	08:35:12	08:36:38	08:37:58	08:39:16	08:42:23	
046200_6	29	0	07:42:00	07:43:48	07:45:20	07:47:03	07:48:32	07:49:50	07:52:12	""	""	""	""	07:57:47	""	""	""	""	""	08:04:45	08:08:28	08:11:06	08:12:29	08:13:55	08:15:34	08:17:26	08:19:13	08:21:10	08:23:30	08:25:40	08:28:15	08:30:51	08:32:18	08:34:27	08:37:07	08:39:23	08:40:49	08:42:09	08:43:37	08:47:15	
046550_6	29	0	07:45:30	07:48:00	07:49:30	07:51:00	07:52:30	07:53:30	07:55:30	""	""	""	""	08:01:00	""	""	""	""	""	08:08:00	08:13:00	08:15:00	08:16:00	08:17:30	08:19:30	08:21:30	08:24:00	08:26:00	08:28:00	08:30:00	08:32:30	08:34:30	08:36:00	08:37:00	08:39:00	08:40:30	08:42:00	08:43:30	08:45:00	08:47:00	
046900_6	29	0	07:49:00	07:49:56	07:51:24	07:53:42	07:55:01	07:56:16	07:58:58	""	""	""	""	08:05:02	""	""	""	""	""	08:12:13	08:16:07	08:18:32	08:20:00	08:21:36	08:23:23	08:25:31	08:27:21	08:29:11	08:31:09	08:33:15	08:35:46	08:38:28	08:40:00	08:41:26	08:43:25	08:45:57	08:47:25	08:48:48	08:50:03	08:52:22	
046950_6	32	0	""	""	""	""	""	""	07:49:30	07:49:53	07:51:14	07:52:31	07:54:24	07:56:19	07:59:48	08:01:26	08:02:54	08:04:31	08:05:44	08:07:27	08:10:54	08:14:23	08:15:55	08:17:22	08:18:52	08:20:49	08:22:34	08:24:15	08:25:46	08:27:44	08:31:33	08:34:09	08:35:34	08:36:59	08:39:20	08:41:26	08:42:41	08:44:05	08:45:57	08:49:56	
047500_6	32	0	""	""	""	""	""	""	07:55:00	07:55:34	07:56:55	07:58:00	07:59:53	08:01:43	08:04:34	08:06:09	08:07:33	08:09:07	08:10:16	08:13:37	08:19:08	08:21:36	08:23:00	08:24:21	08:25:55	08:27:53	08:30:52	08:32:52	08:34:55	08:37:02	08:39:15	08:42:09	08:43:25	08:44:46	08:46:33	08:48:46	08:50:02	08:51:32	08:52:44	08:54:40	
047650_6	29	0	07:56:30	07:58:16	07:59:53	08:02:02	08:03:24	08:04:50	08:07:34	""	""	""	""	08:13:36	""	""	""	""	""	08:20:38	08:24:03	08:26:32	08:28:01	08:29:29	08:31:19	08:33:36	08:35:34	08:37:40	08:39:29	08:41:34	08:44:03	08:47:03	08:48:38	08:50:09	08:52:02	08:54:29	08:56:00	08:57:19	08:58:40	09:00:16	
048000_6	29	0	08:00:00	08:01:45	08:03:12	08:05:01	08:06:34	08:07:40	08:10:21	""	""	""	""	08:16:06	""	""	""	""	""	08:22:42	08:29:25	08:31:51	08:33:13	08:34:50	08:36:37	08:38:32	08:40:39	08:42:32	08:44:25	08:46:14	08:49:01	08:51:34	08:52:49	08:54:16	08:56:32	08:58:47	09:00:04	09:01:19	09:02:31	09:05:39	
048350_6	38	0	08:03:30	08:05:48	08:07:08	08:09:03	08:10:17	08:11:20	08:13:32	08:03:49	08:05:14	08:06:30	08:08:20	08:18:53	08:14:12	08:15:58	08:17:28	08:19:05	08:20:22	08:27:31	08:31:44	08:34:01	08:35:24	08:36:56	08:38:33	08:40:38	08:42:42	08:44:44	08:46:23	08:48:26	08:51:04	08:53:54	08:55:06	08:56:25	08:58:49	09:01:19	09:02:52	09:04:18	09:05:22	09:08:05	
048800_6	29	0	08:08:00	08:11:51	08:13:23	08:15:22	08:16:42	08:17:57	08:20:48	""	""	""	""	08:26:17	""	""	""	""	""	08:34:20	08:38:05	08:40:47	08:42:21	08:43:54	08:45:41	08:47:45	08:49:44	08:51:36	08:53:22	08:55:38	08:58:19	09:01:11	09:02:39	09:04:05	09:05:53	09:08:09	09:09:31	09:11:00	09:12:12	09:13:41	
049100_6	32	0	""	""	""	""	""	""	08:11:00	08:12:07	08:13:25	08:14:31	08:16:21	08:18:13	08:20:57	08:22:29	08:23:50	08:25:25	08:26:32	08:28:19	08:33:40	08:36:06	08:37:25	08:38:52	08:40:32	08:42:24	08:45:48	08:47:33	08:49:05	08:50:53	08:53:22	08:55:58	08:57:13	08:58:37	09:01:10	09:03:31	09:04:48	09:06:02	09:07:17	09:10:52	
049300_6	29	0	08:13:00	08:15:07	08:16:33	08:18:19	08:19:31	08:20:39	08:23:08	""	""	""	""	08:29:09	""	""	""	""	""	08:39:08	08:42:55	08:45:25	08:46:48	08:48:13	08:50:03	08:52:06	08:54:03	08:56:04	08:58:16	09:00:35	09:03:25	09:06:03	09:07:24	09:08:50	09:12:42	09:15:24	09:16:51	09:18:13	09:19:34	09:21:22	
049550_6	32	0	""	""	""	""	""	""	08:15:30	08:18:30	08:20:04	08:21:09	08:23:05	08:25:08	08:27:21	08:29:02	08:30:39	08:32:23	08:33:36	08:36:30	08:40:36	08:42:55	08:44:41	08:46:13	08:47:52	08:50:01	08:51:53	08:53:45	08:55:55	08:58:02	09:01:00	09:03:36	09:04:58	09:06:25	09:08:24	09:12:42	09:14:09	09:15:32	09:16:42	09:18:14	
050000_6	29	0	08:20:00	08:20:57	08:22:19	08:24:03	08:25:14	08:26:26	08:28:46	""	""	""	""	08:33:47	""	""	""	""	""	08:42:46	08:47:09	08:49:54	08:51:26	08:52:47	08:54:18	08:56:07	08:58:11	09:00:18	09:02:48	09:05:10	09:08:08	09:10:53	09:12:14	09:14:11	09:18:11	09:20:24	09:21:41	09:22:50	09:24:01	09:26:30	
050550_6	29	0	08:25:30	08:27:06	08:28:47	08:30:42	08:31:56	08:33:06	08:35:41	""	""	""	""	08:41:14	""	""	""	""	""	08:49:03	08:52:21	08:54:29	08:55:58	08:57:26	08:58:53	09:00:36	09:03:01	09:05:19	09:07:58	09:10:44	09:13:35	09:16:31	09:18:13	09:20:12	09:23:07	09:25:23	09:26:53	09:28:22	09:29:55	09:31:47	
050750_6	32	0	""	""	""	""	""	""	08:27:30	08:29:35	08:30:59	08:32:08	08:34:04	08:35:53	08:37:50	08:39:29	08:41:04	08:42:43	08:44:09	08:45:48	08:49:23	08:51:51	08:53:14	08:54:38	08:56:17	08:58:14	09:00:20	09:02:32	09:05:08	09:07:26	09:10:24	09:13:20	09:14:48	09:17:13	09:20:41	09:23:05	09:24:26	09:25:47	09:27:02	09:29:03	
051500_6	29	0	08:35:00	08:36:37	08:38:09	08:39:56	08:41:16	08:42:31	08:44:39	""	""	""	""	08:49:57	""	""	""	""	""	08:58:08	09:01:31	09:03:48	09:05:05	09:06:30	09:08:14	09:10:05	09:12:05	09:13:46	09:15:40	09:17:42	09:20:54	09:23:46	09:25:54	09:27:44	09:30:46	09:32:54	09:34:18	09:35:38	09:36:58	09:41:17	
051650_6	32	0	""	""	""	""	""	""	08:36:30	08:37:37	08:38:55	08:40:02	08:41:52	08:43:54	08:46:10	08:47:54	08:49:26	08:51:12	08:52:22	08:54:31	08:59:37	09:01:47	09:03:05	09:04:29	09:06:18	09:08:31	09:10:12	09:11:51	09:13:40	09:15:45	09:18:50	09:21:40	09:23:27	09:25:49	09:28:41	09:30:54	09:32:11	09:33:29	09:34:38	09:38:45	
052000_6	21	0	""	""	""	""	""	""	""	""	""	""	""	""	""	""	""	""	""	08:40:00	08:45:09	08:47:54	08:49:24	08:50:47	08:52:17	08:53:58	08:56:14	08:58:17	09:00:26	09:02:57	09:05:26	09:08:48	09:10:06	09:11:47	09:15:18	09:18:12	09:19:35	09:20:50	09:22:00	09:24:06	
052200_6	29	0	08:42:00	08:43:51	08:45:22	08:47:25	08:48:44	08:49:58	08:52:20	""	""	""	""	08:57:45	""	""	""	""	""	09:05:11	09:08:47	09:13:13	09:14:40	09:16:02	09:17:40	09:19:38	09:21:25	09:23:08	09:24:46	09:26:38	09:28:54	09:31:39	09:32:50	09:34:09	09:35:49	09:37:57	09:39:17	09:40:32	09:42:38	09:47:23	
052400_6	32	0	""	""	""	""	""	""	08:44:00	08:46:11	08:47:31	08:48:37	08:50:15	08:52:02	08:53:47	08:55:24	08:57:01	08:58:36	08:59:47	09:01:27	09:04:25	09:06:21	09:07:40	09:09:03	09:10:32	09:12:16	09:15:53	09:17:27	09:18:58	09:20:40	09:23:15	09:27:57	09:29:11	09:30:34	09:32:46	09:34:59	09:36:18	09:37:31	09:40:02	09:43:56	
053100_6	21	0	""	""	""	""	""	""	""	""	""	""	""	""	""	""	""	""	""	08:51:00	08:57:27	08:59:41	09:01:10	09:02:34	09:04:12	09:06:11	09:07:55	09:09:37	09:11:20	09:13:25	09:16:00	09:19:01	09:20:43	09:22:50	09:25:40	09:28:05	09:29:34	09:30:56	09:32:16	09:35:02	
053200_6	29	0	08:52:00	08:53:35	08:55:01	08:56:52	08:58:10	08:59:20	09:01:40	""	""	""	""	09:06:36	""	""	""	""	""	09:15:07	09:19:49	09:23:28	09:24:49	09:26:07	09:27:38	09:29:35	09:31:06	09:32:42	09:34:14	09:35:56	09:37:57	09:40:38	09:41:54	09:43:16	09:44:56	09:47:03	09:48:26	09:49:50	09:51:43	09:54:47	
053500_6	32	0	""	""	""	""	""	""	08:55:00	08:56:21	08:57:46	08:58:55	09:00:48	09:02:47	09:04:49	09:06:30	09:08:02	09:09:38	09:10:54	09:12:10	09:17:39	09:19:53	09:21:10	09:22:37	09:24:12	09:26:05	09:27:50	09:29:22	09:31:01	09:32:45	09:35:07	09:37:46	09:38:58	09:40:20	09:42:27	09:44:33	09:45:52	09:47:06	09:48:25	09:52:12	
054000_6	29	0	09:00:00	09:01:40	09:03:10	09:04:58	09:06:12	09:07:22	09:10:00	""	""	""	""	09:15:46	""	""	""	""	""	09:22:07	09:25:42	09:29:49	09:31:18	09:32:42	09:34:13	09:36:08	09:37:46	09:39:22	09:40:56	09:42:43	09:47:04	09:49:35	09:50:53	09:52:10	09:53:50	09:55:59	09:57:24	09:58:41	09:59:51	10:01:13	
054300_6	32	0	""	""	""	""	""	""	09:03:00	09:04:23	09:05:48	09:06:59	09:08:49	09:10:46	09:12:41	09:14:20	09:15:54	09:17:32	09:18:46	09:20:30	09:23:33	09:25:41	09:27:10	09:28:33	09:30:05	09:31:55	09:34:20	09:36:02	09:37:38	09:39:32	09:41:35	09:44:24	09:45:38	09:46:55	09:48:35	09:50:52	09:52:15	09:53:31	09:54:50	09:57:37	
054850_6	21	0	""	""	""	""	""	""	""	""	""	""	""	""	""	""	""	""	""	09:08:30	09:15:49	09:17:53	09:19:22	09:20:41	09:22:13	09:24:09	09:25:42	09:27:25	09:28:58	09:30:48	09:33:02	09:35:56	09:37:12	09:38:28	09:40:10	09:42:27	09:43:47	09:45:11	09:46:20	09:49:53	
055050_6	29	0	09:10:30	09:12:43	09:14:05	09:16:02	09:17:17	09:18:25	09:20:56	""	""	""	""	09:25:43	""	""	""	""	""	09:33:41	09:38:45	09:40:43	09:42:02	09:43:19	09:46:31	09:48:15	09:49:50	09:51:40	09:53:21	09:55:09	09:57:13	10:00:05	10:01:13	10:02:24	10:04:05	10:06:26	10:07:44	10:09:12	10:10:23	10:11:45	
055200_6	32	0	""	""	""	""	""	""	09:12:26	09:15:00	09:16:18	09:17:21	09:19:19	09:21:19	09:23:28	09:24:59	09:26:23	09:28:24	09:29:34	09:31:26	09:34:36	09:37:06	09:38:51	09:40:23	09:41:59	09:44:06	09:45:56	09:47:55	09:49:57	09:52:03	09:54:22	09:57:26	09:58:44	10:00:07	10:01:48	10:04:17	10:05:41	10:06:41	10:08:11	10:09:18	
056150_6	38	0	09:21:30	09:23:38	09:25:03	09:27:07	09:28:25	09:29:30	09:31:24	09:33:08	09:34:29	09:35:34	09:37:25	09:39:50	09:40:46	09:42:46	09:43:46	09:45:46	09:46:46	09:46:29	09:49:37	09:52:24	09:53:49	09:55:08	09:56:38	09:58:30	10:00:14	10:01:52	10:03:28	10:07:19	10:09:26	10:12:35	10:13:51	10:15:08	10:17:04	10:19:08	10:20:34	10:21:53	10:23:12	10:24:48	
056400_6	38	0	09:24:00	09:26:54	09:28:24	09:29:54	09:31:24	09:32:24	09:24:00	09:25:30	09:27:00	09:28:00	09:30:00	09:32:00	09:33:30	09:35:30	09:36:30	09:38:30	09:39:30	09:41:00	09:44:00	09:45:30	09:47:00	09:48:00	09:49:30	09:51:30	09:53:30	09:55:30	09:57:00	09:59:00	10:01:00	10:03:00	10:04:00	10:05:00	10:06:30	10:08:00	10:09:30	10:10:30	10:12:00	10:14:00	
057250_6	33	0	09:32:30	09:35:00	09:30:43	09:32:27	09:33:47	09:34:59	09:37:32	09:39:07	09:40:25	09:41:33	09:43:19	09:45:19	""	""	""	""	""	09:52:53	09:58:38	10:01:00	10:02:20	10:03:40	10:05:10	10:07:00	10:08:38	10:10:19	10:11:50	10:14:41	10:16:37	10:19:17	10:20:25	10:21:41	10:23:12	10:25:08	10:26:31	10:27:47	10:28:29	10:30:52	
057200_6	32	0	""	09:34:30	09:36:00	09:37:30	09:39:00	09:40:00	09:42:00	09:43:30	09:45:00	09:46:00	09:48:00	09:50:00	""	""	""	""	""	09:57:00	10:00:00	10:01:30	10:03:00	10:04:00	10:05:30	10:07:30	10:09:30	10:11:30	10:13:00	10:15:00	10:17:00	10:19:00	10:20:00	10:21:00	10:22:30	10:24:00	10:25:30	10:26:30	10:28:00	10:30:00	
057600_6	32	0	""	""	""	""	""	""	09:36:00	09:37:04	09:38:23	09:39:29	09:41:13	09:42:53	09:44:47	09:46:24	09:47:40	09:49:11	09:50:21	09:51:58	09:54:42	09:56:44	09:57:57	09:59:17	10:00:48	10:02:38	10:04:10	10:05:41	10:07:33	10:10:16	10:12:11	10:14:44	10:16:08	10:17:25	10:19:12	10:21:24	10:22:41	10:23:53	10:25:01	10:27:08	
057700_6	21	0	""	""	""	""	""	""	""	""	""	""	""	""	""	""	""	""	""	09:37:00	09:44:33	09:46:44	09:48:06	09:49:27	09:50:59	09:52:51	09:54:39	09:56:24	09:58:00	09:59:41	10:01:43	10:04:30	10:05:42	10:06:55	10:08:49	10:11:10	10:12:34	10:13:48	10:14:58	10:16:23	
057850_6	33	0	09:38:30	09:41:59	09:43:27	09:45:21	09:46:41	09:47:59	09:52:23	09:54:06	09:55:29	09:56:37	09:58:20	10:00:28	""	""	""	""	""	10:07:29	10:10:36	10:13:17	10:14:49	10:15:49	10:17:19	10:18:40	10:20:17	10:21:59	10:23:38	10:25:20	10:27:24	10:29:55	10:31:13	10:32:27	10:34:11	10:36:13	10:37:33	10:38:48	10:39:32	10:41:30	
058450_6	32	0	""	""	""	""	""	""	09:44:30	09:45:44	09:47:00	09:47:57	09:49:50	09:51:47	09:54:17	09:55:51	09:57:18	09:58:50	10:00:14	10:01:46	10:04:31	10:06:28	10:07:46	10:09:06	10:10:36	10:12:26	10:14:01	10:15:36	10:17:03	10:18:38	10:20:47	10:23:12	10:24:24	10:25:38	10:27:22	10:29:33	10:30:49	10:31:59	10:32:35	10:34:39	
058550_6	33	0	09:45:30	09:47:32	09:48:56	09:50:59	09:52:14	09:53:25	09:57:30	09:59:10	10:00:34	10:01:42	10:03:41	10:07:12	""	""	""	""	""	10:15:43	10:19:11	10:21:35	10:23:02	10:24:28	10:26:05	10:27:57	10:29:38	10:31:18	10:32:53	10:34:37	10:36:29	10:39:37	10:40:48	10:42:04	10:43:50	10:46:00	10:47:22	10:48:40	10:49:23	10:51:26	
059050_6	32	0	""	""	""	""	""	""	09:50:30	09:52:03	09:53:25	09:54:31	09:56:21	09:58:17	10:00:07	10:01:42	10:03:06	10:04:41	10:05:48	10:07:37	10:13:09	10:15:30	10:16:57	10:19:31	10:21:05	10:23:00	10:24:30	10:26:06	10:27:41	10:29:22	10:31:03	10:34:10	10:35:17	10:36:28	10:38:01	10:40:08	10:41:23	10:42:38	10:43:15	10:45:14	
059300_6	33	0	09:53:00	09:56:03	09:57:20	09:59:05	10:00:14	10:01:19	10:03:01	10:04:28	10:05:43	10:06:46	10:08:22	10:10:21	""	""	""	""	""	10:17:58	10:24:15	10:26:13	10:27:28	10:28:42	10:30:04	10:31:42	10:33:21	10:34:53	10:36:47	10:38:42	10:40:18	10:43:27	10:44:31	10:45:48	10:47:51	10:49:57	10:51:15	10:52:26	10:53:02	10:56:52	
059750_6	32	0	""	""	""	""	""	""	09:57:30	09:57:12	09:58:33	09:59:39	10:01:22	10:03:23	10:07:05	10:08:38	10:09:59	10:11:36	10:12:49	10:15:41	10:21:27	10:23:34	10:24:54	10:26:26	10:28:00	10:29:47	10:31:32	10:33:09	10:34:48	10:36:41	10:38:36	10:41:21	10:42:30	10:43:52	10:46:00	10:47:54	10:49:10	10:50:22	10:51:08	10:54:27	
060100_6	33	0	10:01:00	10:02:40	10:04:19	10:06:29	10:07:46	10:09:09	10:10:56	10:13:10	10:14:37	10:15:48	10:17:46	10:19:37	""	""	""	""	""	10:26:50	10:30:29	10:32:29	10:33:50	10:35:09	10:36:44	10:38:27	10:40:05	10:41:40	10:43:08	10:44:44	10:46:15	10:49:10	10:50:20	10:51:30	10:53:08	10:55:09	10:56:29	10:57:53	10:58:34	11:02:45	
060500_6	32	0	""	""	""	""	""	""	10:05:00	10:08:07	10:09:21	10:10:23	10:12:00	10:13:41	10:15:27	10:16:53	10:18:12	10:19:43	10:20:47	10:22:38	10:26:11	10:28:07	10:29:20	10:30:33	10:31:54	10:35:46	10:37:20	10:38:47	10:40:14	10:41:54	10:43:19	10:46:19	10:47:24	10:48:30	10:50:05	10:52:02	10:53:12	10:54:37	10:55:22	10:59:08	
060900_6	33	0	10:09:00	10:10:45	10:12:15	10:14:05	10:15:29	10:16:37	10:18:28	10:20:00	10:21:19	10:22:25	10:24:21	10:26:14	""	""	""	""	""	10:34:09	10:38:22	10:40:38	10:41:56	10:43:16	10:44:43	10:46:29	10:48:19	10:50:26	10:52:05	10:53:44	10:55:24	10:58:28	10:59:36	11:01:00	11:03:17	11:05:29	11:06:46	11:08:02	11:08:54	11:11:32	
061300_6	32	0	""	""	""	""	""	""	10:13:14	10:15:48	10:17:20	10:18:28	10:20:17	10:22:38	10:24:38	10:26:20	10:27:50	10:29:37	10:30:52	10:32:50	10:36:13	10:38:26	10:39:49	10:41:13	10:42:44	10:44:33	10:46:12	10:47:59	10:49:46	10:51:35	10:53:15	10:56:27	10:57:48	10:59:06	11:00:59	11:03:22	11:04:53	11:06:18	11:07:07	11:09:09	
061700_6	33	0	10:17:00	10:18:22	10:19:43	10:21:27	10:22:36	10:23:40	10:25:19	10:26:58	10:28:13	10:29:23	10:30:58	10:32:50	""	""	""	""	""	10:41:16	10:44:40	10:47:01	10:48:25	10:49:38	10:51:02	10:52:45	10:54:13	10:55:37	10:59:12	11:00:45	11:02:16	11:05:19	11:06:32	11:07:44	11:09:22	11:11:12	11:12:29	11:13:42	11:14:25	11:16:53	
062100_6	32	0	""	""	""	""	""	""	10:21:00	10:23:10	10:24:24	10:25:26	10:27:21	10:29:13	10:31:02	10:32:36	10:33:54	10:35:34	10:36:45	10:38:14	10:41:02	10:43:07	10:44:25	10:45:43	10:47:10	10:48:57	10:50:30	10:52:13	10:53:52	10:56:14	10:57:37	11:00:30	11:01:39	11:03:00	11:05:26	11:07:44	11:09:03	11:10:14	11:10:53	11:14:04	
062400_6	33	0	10:24:00	10:26:42	10:28:25	10:30:47	10:32:03	10:33:15	10:34:36	10:37:48	10:39:12	10:40:20	10:42:23	10:44:31	""	""	""	""	""	10:52:12	10:55:22	10:57:58	11:01:17	11:02:42	11:04:15	11:06:06	11:08:04	11:09:46	11:11:28	11:13:26	11:15:11	11:18:42	11:20:00	11:21:22	11:23:14	11:25:33	11:27:00	11:28:23	11:29:24	11:31:33	
062900_6	32	0	""	""	""	""	""	""	10:29:32	10:33:20	10:34:41	10:35:46	10:37:23	10:39:11	10:41:04	10:42:37	10:43:50	10:45:31	10:46:42	10:48:17	10:51:08	10:53:51	10:55:24	10:56:48	10:58:19	11:00:12	11:01:53	11:03:37	11:05:12	11:06:56	11:08:29	11:11:34	11:12:45	11:14:04	11:15:45	11:18:04	11:19:25	11:20:41	11:21:18	11:23:09	
063150_6	33	0	10:31:30	10:30:33	10:32:17	10:34:27	10:35:55	10:37:10	10:42:05	10:46:04	10:47:33	10:48:38	10:50:28	10:52:54	""	""	""	""	""	11:00:51	11:06:24	11:08:40	11:10:14	11:11:53	11:13:56	11:16:18	11:18:07	11:20:01	11:21:39	11:23:31	11:25:27	11:28:28	11:29:34	11:30:56	11:32:41	11:34:53	11:36:14	11:37:35	11:38:18	11:40:20	
063700_6	32	0	""	""	""	""	""	""	10:38:26	10:42:38	10:44:50	10:46:05	10:47:57	10:50:05	10:52:19	10:54:05	10:55:40	10:57:23	10:58:43	11:00:27	11:03:37	11:06:19	11:07:52	11:09:52	11:11:40	11:13:39	11:15:40	11:17:40	11:18:01	11:19:50	11:21:30	11:24:46	11:26:02	11:27:17	11:29:05	11:31:17	11:32:54	11:34:17	11:35:03	11:37:19	
064150_6	33	0	10:41:30	10:42:51	10:44:10	10:46:06	10:47:22	10:48:29	10:50:46	10:53:09	10:54:29	10:55:33	10:57:11	10:59:03	""	""	""	""	""	11:06:30	11:10:26	11:12:53	11:15:51	11:17:07	11:18:34	11:20:18	11:22:00	11:23:45	11:25:34	11:27:24	11:29:30	11:32:36	11:33:44	11:35:05	11:37:28	11:39:44	11:41:03	11:42:15	11:42:53	11:45:20	
064550_6	32	0	""	""	""	""	""	""	10:45:57	10:49:27	10:50:48	10:51:53	10:53:32	10:55:48	10:57:40	10:59:15	11:00:34	11:02:10	11:03:19	11:04:51	11:08:17	11:10:51	11:12:19	11:14:02	11:15:46	11:18:11	11:20:07	11:21:47	11:23:42	11:25:31	11:27:22	11:30:44	11:31:56	11:33:06	11:34:59	11:37:17	11:38:38	11:39:52	11:40:31	11:42:58	
065100_6	29	0	10:51:00	10:51:37	10:53:22	10:56:03	10:57:22	10:58:29	11:01:09	""	""	""	""	11:07:36	""	""	""	""	""	11:14:20	11:17:18	11:19:28	11:20:53	11:22:14	11:23:41	11:25:42	11:27:24	11:28:53	11:30:27	11:31:58	11:33:37	11:38:28	11:39:36	11:40:46	11:42:21	11:44:30	11:45:52	11:47:05	11:47:46	11:50:06	
065350_6	32	0	""	""	""	""	""	""	10:53:30	10:56:48	10:58:11	10:59:17	11:01:04	11:03:00	11:04:52	11:06:25	11:07:46	11:09:19	11:10:26	11:12:02	11:14:57	11:17:00	11:18:24	11:19:44	11:21:11	11:22:49	11:24:16	11:25:44	11:27:26	11:29:18	11:31:17	11:34:12	11:35:24	11:36:53	11:39:39	11:41:50	11:43:08	11:44:24	11:45:05	11:47:29	
066000_6	29	0	11:00:00	11:01:03	11:03:19	11:06:19	11:07:58	11:09:12	11:12:07	""	""	""	""	11:18:06	""	""	""	""	""	11:25:25	11:28:26	11:30:28	11:31:50	11:33:11	11:34:45	11:36:36	11:38:10	11:39:45	11:41:12	11:42:50	11:44:14	11:47:19	11:48:27	11:49:34	11:51:18	11:53:36	11:54:53	11:56:00	11:56:37	11:58:21	
066150_6	32	0	""	""	""	""	""	""	11:01:30	11:02:34	11:03:57	11:05:03	11:06:54	11:08:41	11:10:56	11:12:34	11:13:59	11:15:34	11:16:43	11:18:15	11:21:05	11:23:13	11:24:33	11:25:52	11:27:20	11:29:05	11:32:58	11:34:46	11:36:22	11:38:12	11:39:49	11:43:00	11:44:11	11:45:23	11:47:10	11:49:30	11:50:51	11:52:10	11:52:56	11:54:40	
066800_6	29	0	11:08:00	11:11:26	11:13:30	11:15:38	11:17:33	11:19:08	11:21:40	""	""	""	""	11:26:56	""	""	""	""	""	11:33:48	11:36:50	11:39:03	11:40:24	11:41:44	11:43:10	11:44:50	11:46:23	11:47:56	11:49:23	11:51:05	11:52:52	11:55:52	11:57:06	11:58:26	12:00:06	12:02:16	12:03:36	12:04:52	12:05:32	12:07:43	
066950_6	32	0	""	""	""	""	""	""	11:09:30	11:11:39	11:13:08	11:14:19	11:16:15	11:18:19	11:20:25	11:22:11	11:23:38	11:25:25	11:26:39	11:28:31	11:31:49	11:34:21	11:35:45	11:37:13	11:38:53	11:40:54	11:42:33	11:44:13	11:46:00	11:47:47	11:49:25	11:52:34	11:53:50	11:55:11	11:56:58	11:59:22	12:00:47	12:02:13	12:02:57	12:05:03	
067600_6	29	0	11:16:00	11:19:06	11:21:47	11:24:33	11:26:48	11:28:38	11:31:15	""	""	""	""	11:36:51	""	""	""	""	""	11:44:12	11:47:41	11:49:40	11:50:53	11:52:10	11:53:37	11:55:38	11:57:16	11:58:55	12:00:39	12:02:30	12:04:23	12:07:32	12:08:48	12:10:04	12:11:45	12:14:02	12:15:29	12:16:52	12:18:20	12:20:28	
067750_6	32	0	""	""	""	""	""	""	11:17:30	11:19:43	11:21:25	11:22:33	11:24:14	11:26:07	11:27:59	11:29:35	11:31:06	11:32:59	11:34:18	11:36:21	11:39:45	11:43:01	11:44:17	11:45:35	11:47:05	11:48:49	11:50:17	11:52:02	11:53:34	11:55:07	11:56:33	11:59:19	12:00:25	12:01:34	12:03:13	12:05:23	12:06:41	12:07:55	12:08:35	12:10:14	
068400_6	29	0	11:24:00	11:27:16	11:29:23	11:31:52	11:33:56	11:35:33	11:38:05	""	""	""	""	11:43:26	""	""	""	""	""	11:50:09	11:53:10	11:55:09	11:56:32	11:57:48	11:59:12	12:00:58	12:02:33	12:04:23	12:06:24	12:08:20	12:10:10	12:13:23	12:14:31	12:15:55	12:17:34	12:19:43	12:21:03	12:22:19	12:23:00	12:26:02	
068550_6	32	0	""	""	""	""	""	""	11:25:30	11:26:39	11:27:56	11:29:00	11:30:53	11:32:58	11:34:57	11:36:40	11:38:10	11:39:53	11:41:05	11:43:57	11:50:06	11:52:06	11:53:20	11:54:40	11:56:09	11:58:00	11:59:35	12:01:14	12:02:50	12:04:38	12:06:36	12:09:29	12:10:37	12:11:46	12:13:57	12:15:55	12:17:12	12:19:01	12:20:05	12:23:48	
069200_6	29	0	11:32:00	11:34:14	11:36:30	11:39:17	11:41:06	11:42:48	11:45:25	""	""	""	""	11:50:36	""	""	""	""	""	11:57:30	12:00:38	12:02:51	12:04:15	12:05:39	12:07:14	12:09:17	12:11:12	12:13:02	12:14:37	12:16:24	12:18:11	12:21:36	12:22:51	12:24:08	12:25:49	12:27:58	12:29:20	12:30:42	12:31:24	12:33:28	
069350_6	32	0	""	""	""	""	""	""	11:33:30	11:34:01	11:35:32	11:36:47	11:38:40	11:40:44	11:43:16	11:44:59	11:46:31	11:48:19	11:49:32	11:51:16	11:54:56	11:57:06	11:58:36	12:00:02	12:01:31	12:03:29	12:05:09	12:06:44	12:08:25	12:10:24	12:12:18	12:15:35	12:16:46	12:18:05	12:20:00	12:22:18	12:23:40	12:25:00	12:25:41	12:28:16	
070000_6	29	0	11:40:00	11:42:32	11:44:54	11:47:20	11:48:32	11:50:28	11:53:38	""	""	""	""	11:58:32	""	""	""	""	""	12:05:02	12:08:19	12:11:00	12:12:17	12:13:33	12:14:56	12:16:43	12:18:14	12:19:58	12:21:26	12:23:48	12:25:14	12:28:08	12:29:13	12:30:25	12:32:03	12:34:25	12:35:36	12:36:51	12:37:30	12:39:26	
070150_6	32	0	""	""	""	""	""	""	11:41:30	11:42:43	11:44:09	11:45:17	11:47:02	11:49:15	11:51:16	11:53:08	11:54:44	11:56:36	11:57:53	11:59:32	12:02:42	12:04:53	12:06:15	12:07:45	12:09:17	12:11:33	12:13:11	12:14:51	12:16:29	12:18:19	12:20:24	12:23:25	12:24:33	12:25:49	12:27:50	12:30:32	12:31:55	12:33:10	12:33:51	12:36:12	
070800_6	29	0	11:48:00	11:50:53	11:53:29	11:55:43	11:56:54	11:58:39	12:01:38	""	""	""	""	12:07:15	""	""	""	""	""	12:14:05	12:17:00	12:19:04	12:20:46	12:22:07	12:23:32	12:25:22	12:26:58	12:28:33	12:30:13	12:31:51	12:33:26	12:36:34	12:37:47	12:38:56	12:40:30	12:42:36	12:43:55	12:45:09	12:45:50	12:47:40	
070950_6	32	0	""	""	""	""	""	""	11:49:30	11:50:44	11:52:00	11:53:00	11:54:38	11:56:18	11:58:58	12:00:30	12:01:55	12:03:31	12:04:42	12:06:25	12:10:35	12:12:40	12:13:59	12:15:18	12:16:43	12:18:26	12:20:04	12:21:50	12:23:59	12:27:55	12:29:24	12:32:49	12:34:01	12:35:12	12:36:51	12:39:12	12:40:27	12:41:56	12:42:35	12:44:29	
071600_6	29	0	11:56:00	11:58:13	12:00:43	12:03:01	12:04:23	12:06:07	12:09:07	""	""	""	""	12:14:00	""	""	""	""	""	12:20:46	12:23:36	12:25:30	12:26:49	12:28:06	12:29:36	12:31:30	12:33:01	12:34:47	12:36:11	12:37:48	12:39:11	12:42:18	12:43:30	12:44:39	12:46:12	12:48:11	12:49:29	12:50:44	12:51:23	12:53:53	
071750_6	32	0	""	""	""	""	""	""	11:57:30	11:58:03	11:59:19	12:00:26	12:02:10	12:04:12	12:07:04	12:08:37	12:09:59	12:11:32	12:12:40	12:14:22	12:19:09	12:21:18	12:22:55	12:24:20	12:25:46	12:27:29	12:29:19	12:31:05	12:32:52	12:34:27	12:36:02	12:39:04	12:40:18	12:41:28	12:43:27	12:45:49	12:47:08	12:48:22	12:49:07	12:50:59	
072400_6	29	0	12:04:00	12:07:09	12:09:21	12:11:36	12:12:56	12:14:48	12:17:39	""	""	""	""	12:22:42	""	""	""	""	""	12:29:20	12:32:19	12:34:40	12:35:55	12:37:18	12:38:48	12:40:38	12:42:13	12:43:55	12:45:28	12:47:11	12:48:31	12:51:11	12:52:24	12:53:33	12:55:09	12:57:07	12:58:26	13:00:26	13:01:06	13:02:50	
072550_6	32	0	""	""	""	""	""	""	12:05:30	12:07:09	12:08:30	12:09:41	12:11:25	12:13:25	12:15:19	12:16:57	12:18:23	12:19:59	12:21:11	12:22:52	12:26:01	12:28:16	12:29:33	12:30:52	12:32:28	12:34:29	12:37:29	12:39:05	12:40:40	12:42:23	12:43:57	12:47:04	12:48:14	12:49:33	12:51:08	12:53:25	12:54:47	12:56:00	12:56:41	12:59:30	
073200_6	29	0	12:12:00	12:15:22	12:17:53	12:20:23	12:22:09	12:23:59	12:26:48	""	""	""	""	12:32:23	""	""	""	""	""	12:39:15	12:42:29	12:44:48	12:46:14	12:47:51	12:49:27	12:51:27	12:53:09	12:54:51	12:56:24	12:58:10	12:59:58	13:03:03	13:04:17	13:05:36	13:07:21	13:09:34	13:10:58	13:12:16	13:12:57	13:14:56	
073350_6	32	0	""	""	""	""	""	""	12:13:30	12:15:26	12:16:54	12:18:00	12:19:50	12:21:43	12:23:32	12:25:05	12:26:37	12:28:12	12:29:21	12:31:20	12:34:29	12:38:13	12:39:28	12:40:44	12:42:12	12:43:53	12:47:05	12:48:42	12:50:10	12:51:46	12:53:18	12:57:00	12:58:08	12:59:20	13:00:46	13:03:22	13:04:39	13:05:49	13:06:26	13:08:20	
073550_6	38	0	12:15:30	12:18:46	12:20:57	12:23:14	12:24:51	12:26:25	12:28:09	12:30:25	12:31:43	12:33:01	12:34:41	12:36:31	12:38:16	12:39:46	12:40:57	12:42:31	12:44:00	12:45:30	12:48:37	12:50:35	12:51:56	12:53:32	12:55:00	12:56:54	12:58:50	13:00:52	13:02:25	13:04:09	13:05:34	13:08:25	13:09:34	13:10:45	13:12:28	13:14:38	13:15:59	13:17:08	13:17:46	13:20:52	
074150_6	32	0	""	""	""	""	""	""	12:21:30	12:24:14	12:25:54	12:27:31	12:29:29	12:31:27	12:34:25	12:36:37	12:38:12	12:39:58	12:41:15	12:43:15	12:46:15	12:48:55	12:50:17	12:51:43	12:53:11	12:55:05	12:56:45	12:58:18	12:59:52	13:01:36	13:03:10	13:05:46	13:06:53	13:08:11	13:09:50	13:11:55	13:13:17	13:14:38	13:15:19	13:17:42	
074350_6	38	0	12:23:30	12:26:27	12:29:27	12:32:01	12:33:21	12:35:26	12:38:48	12:40:33	12:41:52	12:42:59	12:44:51	12:46:48	12:48:38	12:50:21	12:51:42	12:53:21	12:54:34	12:56:10	12:59:20	13:01:31	13:02:53	13:04:14	13:05:47	13:07:43	13:09:26	13:11:09	13:12:57	13:14:44	13:16:26	13:19:39	13:20:54	13:22:14	13:24:01	13:26:22	13:27:47	13:29:04	13:29:45	13:31:49	
074950_6	32	0	""	""	""	""	""	""	12:30:17	12:33:10	12:34:29	12:35:37	12:37:25	12:39:23	12:41:17	12:42:54	12:44:16	12:45:54	12:47:04	12:48:35	12:51:33	12:53:52	12:55:20	12:56:45	12:58:14	12:59:58	13:03:28	13:05:05	13:06:38	13:08:17	13:09:49	13:12:44	13:13:54	13:15:06	13:16:42	13:18:44	13:20:04	13:21:19	13:22:02	13:23:42	
075150_6	38	0	12:31:30	12:32:56	12:34:59	12:37:09	12:38:32	12:39:48	12:45:12	12:46:46	12:48:16	12:49:33	12:51:26	12:53:50	12:56:01	12:57:47	12:59:17	13:00:57	13:02:12	13:03:52	13:06:57	13:09:06	13:10:24	13:11:49	13:13:22	13:15:31	13:17:09	13:18:51	13:20:26	13:22:08	13:23:52	13:26:58	13:28:12	13:29:25	13:31:48	13:33:58	13:35:20	13:36:42	13:37:26	13:39:43	
075950_6	38	0	12:39:30	12:41:25	12:43:44	12:46:17	12:47:36	12:48:46	12:50:29	12:52:18	12:53:37	12:54:44	12:56:35	12:59:03	13:01:02	13:02:43	13:04:16	13:05:57	13:07:07	13:08:45	13:11:53	13:14:03	13:15:35	13:17:05	13:18:53	13:20:48	13:22:34	13:24:17	13:26:05	13:27:52	13:29:39	13:32:36	13:33:44	13:35:13	13:37:35	13:39:45	13:41:03	13:42:19	13:43:02	13:45:34	
075750_6	32	0	""	""	""	""	""	""	12:41:20	12:44:52	12:46:23	12:47:34	12:49:24	12:51:26	12:53:22	12:55:03	12:56:34	12:58:17	12:59:29	13:01:12	13:04:13	13:06:28	13:08:00	13:09:22	13:10:59	13:12:56	13:14:42	13:16:29	13:18:14	13:20:05	13:21:35	13:24:41	13:25:55	13:27:15	13:28:58	13:31:47	13:33:13	13:34:33	13:35:16	13:37:08	
076550_6	32	0	""	""	""	""	""	""	12:47:19	12:49:44	12:51:12	12:52:35	12:54:32	12:56:46	12:58:49	13:00:32	13:01:59	13:03:47	13:05:01	13:06:39	13:10:02	13:12:08	13:13:41	13:15:17	13:16:53	13:19:00	13:20:36	13:22:16	13:23:59	13:25:49	13:27:26	13:30:38	13:31:57	13:33:17	13:35:15	13:37:38	13:39:06	13:40:31	13:41:16	13:43:19	
076750_6	38	0	12:47:30	12:50:05	12:51:59	12:54:04	12:55:21	12:56:32	12:58:11	12:59:51	13:01:07	13:02:12	13:03:57	13:05:56	13:07:46	13:09:23	13:10:40	13:12:24	13:13:40	13:15:15	13:18:14	13:20:26	13:21:52	13:23:13	13:24:43	13:26:36	13:28:15	13:29:54	13:31:26	13:33:07	13:34:42	13:37:55	13:39:03	13:40:15	13:41:53	13:44:02	13:45:22	13:46:37	13:47:15	13:50:32	
077350_6	32	0	""	""	""	""	""	""	12:53:55	12:56:28	12:57:44	12:58:49	13:00:29	13:02:19	13:04:00	13:05:38	13:06:54	13:08:27	13:09:36	13:11:14	13:14:04	13:16:24	13:17:48	13:19:08	13:20:49	13:22:41	13:24:26	13:26:12	13:28:00	13:29:50	13:31:35	13:34:30	13:35:40	13:37:02	13:39:36	13:41:39	13:43:00	13:44:22	13:45:00	13:47:55	
077550_6	38	0	12:55:30	12:59:45	13:01:21	13:03:01	13:04:16	13:05:24	13:06:59	13:08:33	13:09:45	13:11:01	13:12:38	13:14:19	13:16:08	13:17:44	13:19:06	13:20:41	13:21:49	13:23:20	13:26:09	13:28:13	13:29:27	13:30:46	13:32:15	13:33:59	13:35:32	13:37:09	13:38:38	13:40:13	13:41:40	13:46:15	13:47:22	13:48:30	13:50:10	13:52:10	13:53:26	13:54:34	13:55:13	13:57:01	
078150_6	32	0	""	""	""	""	""	""	13:01:30	13:03:41	13:05:10	13:06:19	13:07:59	13:10:00	13:11:44	13:13:17	13:14:41	13:16:13	13:17:24	13:19:00	13:21:55	13:23:53	13:25:10	13:26:29	13:27:58	13:29:39	13:31:12	13:32:44	13:34:15	13:35:59	13:37:34	13:42:20	13:43:29	13:44:45	13:46:21	13:48:25	13:49:49	13:51:02	13:51:42	13:53:31	
078350_6	38	0	13:03:30	13:06:04	13:07:39	13:09:50	13:11:14	13:12:30	13:14:20	13:15:52	13:17:18	13:18:27	13:20:21	13:22:17	13:24:25	13:26:04	13:27:32	13:29:12	13:30:31	13:32:08	13:35:16	13:37:30	13:38:58	13:40:23	13:41:57	13:43:46	13:45:30	13:47:17	13:48:58	13:50:42	13:52:12	13:55:24	13:56:43	13:58:00	13:59:53	14:02:11	14:03:42	14:05:01	14:05:47	14:07:42	
078950_6	32	0	""	""	""	""	""	""	13:09:30	13:11:07	13:12:31	13:13:38	13:15:20	13:17:02	13:18:51	13:20:23	13:21:39	13:23:12	13:24:17	13:25:43	13:29:07	13:31:00	13:32:18	13:33:36	13:35:01	13:36:45	13:38:11	13:39:39	13:43:04	13:44:39	13:46:16	13:48:56	13:50:02	13:51:09	13:52:46	13:55:21	13:56:37	13:57:48	13:58:31	14:00:20	
079150_6	38	0	13:11:30	13:13:41	13:15:10	13:17:28	13:18:53	13:20:05	13:22:01	13:23:33	13:24:58	13:26:06	13:28:05	13:30:13	13:32:14	13:33:49	13:35:23	13:36:59	13:38:11	13:39:53	13:45:52	13:48:17	13:49:37	13:50:59	13:52:32	13:54:18	13:55:52	13:57:23	13:59:12	14:01:10	14:02:38	14:07:39	14:08:48	14:10:05	14:11:49	14:14:05	14:15:24	14:16:45	14:17:28	14:19:25	
079750_6	32	0	""	""	""	""	""	""	13:17:30	13:18:58	13:20:23	13:21:35	13:23:34	13:25:28	13:27:17	13:28:57	13:30:20	13:32:01	13:33:13	13:34:48	13:37:46	13:39:49	13:42:54	13:44:20	13:45:59	13:47:53	13:50:02	13:51:49	13:53:27	13:55:16	13:56:51	13:59:40	14:00:53	14:02:07	14:03:47	14:05:51	14:07:16	14:08:36	14:09:21	14:11:11	
079950_6	38	0	13:19:30	13:22:00	13:23:30	13:25:00	13:26:30	13:27:30	13:29:30	13:31:00	13:32:30	13:33:30	13:35:30	13:37:30	13:39:00	13:41:00	13:42:00	13:44:00	13:45:00	13:46:30	13:49:30	13:51:00	13:52:30	13:53:30	13:55:00	13:57:00	13:59:00	14:01:00	14:02:30	14:04:30	14:06:30	14:10:30	14:11:30	14:12:30	14:14:00	14:15:30	14:17:00	14:18:00	14:19:30	14:24:30	
080550_6	32	0	""	""	""	""	""	""	13:25:30	13:27:00	13:28:30	13:29:30	13:31:30	13:33:30	13:35:00	13:37:00	13:38:00	13:40:00	13:41:00	13:42:30	13:45:30	13:47:00	13:48:30	13:49:30	13:51:00	13:53:00	13:55:00	13:57:00	13:58:30	14:00:30	14:02:30	14:06:30	14:07:30	14:08:30	14:10:00	14:11:30	14:13:00	14:14:00	14:15:30	14:20:30	
080750_6	38	0	13:27:30	13:29:24	13:30:49	13:32:39	13:33:56	13:35:16	13:37:04	13:39:01	13:40:33	13:41:42	13:43:32	13:45:29	13:47:26	13:49:06	13:50:33	13:52:29	13:53:51	13:55:29	13:58:41	14:01:00	14:02:24	14:03:46	14:05:18	14:07:07	14:09:10	14:11:21	14:12:57	14:14:39	14:16:18	14:19:14	14:20:26	14:21:40	14:23:23	14:25:34	14:26:55	14:28:12	14:28:57	14:30:52	
081350_6	32	0	""	""	""	""	""	""	13:33:30	13:34:47	13:36:13	13:37:22	13:39:14	13:41:20	13:43:21	13:45:05	13:46:36	13:48:11	13:49:28	13:51:12	13:54:36	13:56:52	13:58:12	13:59:34	14:01:09	14:03:05	14:04:52	14:06:44	14:08:24	14:10:17	14:12:00	14:15:09	14:16:21	14:17:36	14:19:22	14:21:37	14:22:57	14:24:16	14:25:06	14:27:09	
081550_6	38	0	13:35:30	13:36:27	13:37:53	13:39:56	13:41:08	13:42:19	13:44:13	13:45:38	13:46:55	13:48:03	13:50:00	13:51:56	13:54:19	13:56:05	13:57:27	13:59:09	14:00:19	14:02:02	14:05:08	14:07:19	14:08:40	14:10:00	14:11:30	14:13:25	14:15:07	14:16:48	14:18:27	14:20:07	14:21:39	14:26:22	14:27:35	14:28:50	14:30:32	14:32:38	14:33:58	14:35:14	14:36:02	14:38:02	
082150_6	32	0	""	""	""	""	""	""	13:41:30	13:43:43	13:44:59	13:46:12	13:47:50	13:49:39	13:51:27	13:52:59	13:54:14	13:55:48	13:56:55	13:58:20	14:01:00	14:03:13	14:04:32	14:05:49	14:07:16	14:09:26	14:11:41	14:13:14	14:14:53	14:16:33	14:18:24	14:21:23	14:22:25	14:23:33	14:25:40	14:27:57	14:29:14	14:30:32	14:31:09	14:33:29	
082350_6	38	0	13:43:30	13:44:39	13:46:01	13:48:10	13:49:23	13:50:38	13:52:24	13:53:53	13:55:15	13:56:21	13:58:02	13:59:58	14:03:01	14:04:52	14:06:18	14:07:56	14:09:05	14:10:36	14:13:26	14:15:27	14:16:45	14:18:12	14:19:39	14:21:31	14:23:01	14:24:34	14:26:03	14:28:02	14:29:32	14:34:30	14:35:54	14:37:05	14:38:48	14:40:50	14:42:09	14:43:20	14:44:00	14:45:46	
082950_6	32	0	""	""	""	""	""	""	13:49:30	13:50:41	13:52:00	13:53:03	13:54:42	13:56:30	13:58:58	14:00:30	14:01:49	14:03:25	14:04:33	14:05:59	14:08:50	14:11:00	14:12:18	14:13:40	14:15:06	14:16:50	14:18:30	14:20:06	14:21:48	14:23:46	14:25:37	14:30:20	14:31:30	14:32:39	14:34:20	14:36:28	14:37:47	14:39:04	14:39:47	14:42:08	
083150_6	38	0	13:51:30	13:53:21	13:55:01	13:56:54	13:58:20	13:59:36	14:01:21	14:03:07	14:04:29	14:05:36	14:07:18	14:09:03	14:11:06	14:12:49	14:14:32	14:16:08	14:17:19	14:18:52	14:21:50	14:23:55	14:25:16	14:26:36	14:28:08	14:30:02	14:32:02	14:33:39	14:37:08	14:38:52	14:40:25	14:43:12	14:44:22	14:45:38	14:47:21	14:50:10	14:51:36	14:53:00	14:53:42	14:55:38	
083750_6	32	0	""	""	""	""	""	""	13:57:30	13:58:59	14:00:30	14:01:41	14:03:27	14:05:16	14:06:57	14:08:40	14:10:06	14:11:47	14:13:04	14:14:34	14:17:40	14:20:37	14:22:02	14:23:25	14:25:03	14:26:57	14:28:43	14:30:32	14:32:12	14:34:00	14:35:35	14:38:43	14:39:52	14:41:05	14:42:46	14:44:46	14:46:09	14:47:31	14:48:18	14:50:19	
083950_6	38	0	13:59:30	14:05:21	14:06:51	14:08:34	14:09:49	14:11:05	14:14:18	14:16:12	14:17:38	14:19:19	14:21:03	14:22:59	14:24:56	14:26:30	14:27:56	14:29:35	14:30:44	14:32:24	14:36:16	14:38:39	14:40:10	14:41:45	14:43:46	14:46:02	14:47:56	14:49:32	14:51:24	14:53:09	14:54:44	14:57:47	14:59:04	15:00:25	15:02:10	15:04:31	15:05:47	15:07:03	15:07:47	15:13:37	
084550_6	32	0	""	""	""	""	""	""	14:05:30	14:07:30	14:08:53	14:10:03	14:11:46	14:13:41	14:15:30	14:17:15	14:18:39	14:20:19	14:21:30	14:22:58	14:25:55	14:27:00	14:35:30	14:36:30	14:38:00	14:39:01	14:40:47	14:42:45	14:44:38	14:46:28	14:48:11	14:51:20	14:52:36	14:53:56	14:55:45	14:58:04	14:59:30	15:00:45	15:01:27	15:03:18	
084750_6	38	0	14:07:30	14:10:38	14:12:10	14:13:58	14:15:35	14:16:49	14:18:41	14:20:20	14:21:44	14:23:16	14:25:00	14:27:03	14:29:07	14:30:48	14:32:21	14:34:03	14:35:15	14:36:52	14:40:02	14:42:39	14:44:00	14:45:33	14:47:09	14:49:04	14:50:44	14:52:27	14:54:08	14:55:55	14:57:31	15:00:35	15:01:55	15:03:18	15:05:12	15:07:29	15:08:54	15:10:14	15:11:57	15:16:14	
085300_6	32	0	""	""	""	""	""	""	14:13:00	14:13:46	14:15:06	14:16:12	14:17:59	14:20:00	14:22:01	14:23:45	14:25:21	14:27:08	14:28:27	14:30:06	14:34:08	14:36:44	14:38:13	14:39:47	14:41:28	14:43:44	14:45:27	14:47:07	14:48:45	14:50:36	14:52:18	14:55:18	14:56:26	14:57:36	14:59:26	15:01:39	15:02:59	15:04:15	15:05:01	15:10:53	
085550_6	38	0	14:15:30	14:17:28	14:18:53	14:21:01	14:22:18	14:23:31	14:25:19	14:26:54	14:28:18	14:29:27	14:31:22	14:33:11	14:35:02	14:36:42	14:38:04	14:39:47	14:40:59	14:42:31	14:45:20	14:47:42	14:49:15	14:50:44	14:52:18	14:54:14	14:56:21	14:58:06	14:59:40	15:01:22	15:02:58	15:05:56	15:07:05	15:08:17	15:10:04	15:12:00	15:13:22	15:15:00	15:17:22	15:23:21	
086150_6	32	0	""	""	""	""	""	""	14:21:30	14:23:20	14:24:52	14:26:02	14:27:53	14:29:49	14:31:41	14:33:17	14:34:51	14:36:37	14:37:55	14:39:46	14:42:47	14:45:05	14:47:02	14:48:24	14:49:59	14:51:58	14:53:38	14:55:18	14:56:57	14:58:33	15:00:31	15:03:50	15:05:04	15:06:22	15:08:03	15:10:04	15:11:30	15:12:56	15:14:28	15:20:46	
086350_6	38	0	14:23:30	14:26:04	14:27:44	14:29:32	14:30:45	14:31:58	14:33:41	14:35:16	14:36:36	14:37:50	14:39:41	14:41:37	14:43:40	14:45:18	14:46:41	14:48:22	14:49:30	14:51:06	14:54:08	14:56:34	14:58:06	14:59:27	15:00:56	15:02:52	15:04:27	15:06:08	15:07:50	15:09:37	15:11:24	15:14:40	15:15:49	15:17:06	15:18:56	15:21:22	15:22:47	15:24:18	15:25:01	15:28:17	
086950_6	32	0	""	""	""	""	""	""	14:29:30	14:30:37	14:31:59	14:33:08	14:35:02	14:37:13	14:39:09	14:40:50	14:42:20	14:43:57	14:45:12	14:46:54	14:50:00	14:52:13	14:53:51	14:55:16	14:56:54	14:58:48	15:00:40	15:02:22	15:04:01	15:05:55	15:07:32	15:10:40	15:12:01	15:13:25	15:15:16	15:17:29	15:18:56	15:20:15	15:21:36	15:25:40	
087150_6	38	0	14:31:30	14:34:04	14:35:48	14:37:28	14:38:44	14:39:53	14:41:29	14:43:04	14:44:25	14:45:35	14:47:27	14:49:25	14:51:24	14:53:14	14:54:44	14:56:20	14:57:32	14:59:02	15:02:03	15:04:15	15:05:38	15:07:00	15:08:29	15:10:18	15:11:51	15:13:28	15:15:06	15:16:49	15:18:29	15:21:32	15:22:37	15:23:47	15:25:30	15:27:37	15:28:55	15:30:20	15:31:03	15:33:34	
087750_6	32	0	""	""	""	""	""	""	14:37:30	14:38:54	14:40:11	14:41:18	14:43:10	14:44:57	14:46:44	14:48:30	14:50:13	14:51:51	14:53:06	14:54:34	14:57:30	14:59:39	15:01:01	15:02:18	15:03:48	15:05:37	15:07:07	15:08:47	15:10:16	15:11:49	15:13:32	15:18:12	15:19:20	15:20:34	15:22:06	15:24:14	15:25:31	15:26:42	15:27:22	15:30:59	
087950_6	38	0	14:39:30	14:41:58	14:43:30	14:45:13	14:46:29	14:47:37	14:49:13	14:50:44	14:52:03	14:53:06	14:54:57	14:56:44	14:58:55	15:00:27	15:01:51	15:03:26	15:04:37	15:06:01	15:08:48	15:11:37	15:13:01	15:15:53	15:17:30	15:19:26	15:21:18	15:23:12	15:24:50	15:26:42	15:28:20	15:31:25	15:32:38	15:33:52	15:35:29	15:37:31	15:38:53	15:40:09	15:40:46	15:42:24	
088550_6	32	0	""	""	""	""	""	""	14:45:30	14:47:12	14:48:29	14:49:29	14:51:28	14:53:19	14:55:08	14:56:46	14:58:20	14:59:52	15:01:01	15:02:30	15:05:32	15:07:32	15:08:53	15:10:13	15:11:44	15:13:37	15:15:21	15:17:07	15:18:40	15:20:29	15:22:26	15:25:48	15:26:56	15:28:16	15:29:56	15:31:56	15:33:37	15:34:56	15:35:30	15:37:12	
089050_6	38	0	14:50:30	14:50:41	14:52:01	14:53:47	14:55:01	14:56:19	14:58:22	14:59:51	15:01:09	15:02:17	15:04:10	15:06:10	15:10:03	15:11:37	15:12:57	15:14:31	15:15:46	15:17:16	15:20:04	15:22:06	15:23:28	15:24:54	15:26:26	15:28:26	15:30:08	15:31:58	15:33:36	15:35:33	15:37:46	15:40:06	15:41:16	15:42:30	15:44:05	15:46:26	15:47:45	15:48:59	15:50:10	15:51:35	
089550_6	32	0	""	""	""	""	""	""	14:55:30	14:56:35	14:57:59	14:59:13	15:01:03	15:03:01	15:04:59	15:06:39	15:08:05	15:09:47	15:11:03	15:12:52	15:15:54	15:17:56	15:19:17	15:20:41	15:22:13	15:24:08	15:25:53	15:27:49	15:29:26	15:31:17	15:33:52	15:36:15	15:37:37	15:38:55	15:40:55	15:43:01	15:44:25	15:45:49	15:46:35	15:48:29	
089850_6	38	0	14:58:30	15:00:20	15:01:49	15:03:51	15:05:09	15:06:19	15:08:03	15:09:51	15:11:14	15:12:22	15:14:03	15:15:47	15:18:09	15:19:43	15:21:02	15:22:39	15:23:46	15:25:18	15:28:04	15:30:05	15:31:23	15:32:41	15:34:12	15:36:00	15:37:37	15:39:33	15:41:00	15:42:42	15:44:33	15:47:21	15:50:09	15:51:16	15:52:49	15:54:45	15:56:03	15:57:18	15:58:26	16:00:07	
090450_6	32	0	""	""	""	""	""	""	15:04:30	15:05:52	15:07:11	15:08:17	15:10:10	15:12:13	15:14:11	15:15:48	15:17:16	15:18:48	15:20:04	15:21:33	15:24:38	15:26:57	15:28:17	15:29:44	15:31:16	15:33:10	15:34:45	15:36:32	15:38:21	15:40:12	15:42:25	15:45:00	15:46:12	15:47:24	15:49:14	15:51:34	15:52:53	15:54:12	15:55:24	15:57:04	
090650_6	38	0	15:06:30	15:08:20	15:09:42	15:12:04	15:13:26	15:14:40	15:16:37	15:18:16	15:19:40	15:20:50	15:22:36	15:24:28	15:26:26	15:28:08	15:29:30	15:31:12	15:32:43	15:34:19	15:37:17	15:39:22	15:40:41	15:42:04	15:43:38	15:45:31	15:47:34	15:49:24	15:50:58	15:52:44	15:54:40	15:57:03	15:58:15	15:59:25	16:01:19	16:03:25	16:04:44	16:06:04	16:07:15	16:08:50	
091250_6	32	0	""	""	""	""	""	""	15:12:30	15:13:55	15:15:20	15:16:34	15:18:22	15:20:21	15:22:13	15:23:55	15:25:23	15:27:05	15:28:24	15:30:08	15:33:18	15:35:28	15:36:54	15:38:19	15:39:52	15:41:41	15:43:37	15:45:26	15:47:30	15:49:36	15:51:49	15:54:18	15:55:29	15:56:58	15:58:39	16:01:17	16:02:39	16:04:12	16:05:28	16:06:45	
091450_6	38	0	15:14:30	15:16:36	15:18:06	15:20:15	15:21:37	15:22:47	15:24:36	15:26:16	15:27:39	15:28:48	15:30:37	15:32:45	15:35:00	15:36:38	15:38:20	15:39:57	15:41:09	15:42:47	15:45:42	15:47:56	15:49:23	15:50:49	15:52:24	15:54:20	15:56:16	15:58:05	15:59:49	16:01:41	16:03:47	16:06:16	16:07:28	16:08:42	16:10:28	16:12:45	16:14:33	16:15:57	16:17:12	16:18:44	
092050_6	32	0	""	""	""	""	""	""	15:20:30	15:21:57	15:23:20	15:24:29	15:26:25	15:28:24	15:30:14	15:31:51	15:33:18	15:34:56	15:36:14	15:37:45	15:40:30	15:42:42	15:44:07	15:45:29	15:47:02	15:48:53	15:50:30	15:52:11	15:53:49	15:56:41	15:58:50	16:01:18	16:02:30	16:03:44	16:05:20	16:07:22	16:08:45	16:10:16	16:11:31	16:12:55	
092250_6	38	0	15:22:30	15:23:06	15:24:37	15:26:36	15:27:59	15:29:13	15:30:56	15:32:40	15:34:01	15:35:08	15:36:53	15:39:00	15:41:55	15:43:39	15:45:05	15:46:47	15:48:05	15:49:47	15:52:53	15:55:05	15:56:26	15:57:50	15:59:20	16:01:11	16:03:03	16:04:47	16:06:26	16:08:13	16:10:23	16:12:53	16:14:05	16:15:23	16:17:13	16:19:40	16:21:09	16:22:24	16:23:42	16:25:15	
092850_6	32	0	""	""	""	""	""	""	15:28:30	15:29:39	15:31:11	15:32:18	15:34:05	15:35:55	15:38:28	15:40:13	15:41:43	15:43:23	15:44:37	15:46:14	15:49:10	15:51:13	15:52:29	15:53:52	15:55:26	15:57:12	15:58:52	16:00:30	16:02:06	16:04:12	16:06:17	16:08:45	16:09:52	16:11:08	16:12:55	16:15:03	16:16:56	16:18:15	16:19:22	16:21:09	
093050_6	38	0	15:30:30	15:31:19	15:32:48	15:34:33	15:35:53	15:37:03	15:38:45	15:40:17	15:41:41	15:42:49	15:44:36	15:46:32	15:50:08	15:51:55	15:53:26	15:55:21	15:56:36	15:58:10	16:01:32	16:03:40	16:04:59	16:06:20	16:07:59	16:09:55	16:11:41	16:13:28	16:15:12	16:17:09	16:19:18	16:21:51	16:23:05	16:24:24	16:26:06	16:28:49	16:26:00	16:31:34	16:33:04	16:33:44	
093650_6	38	0	15:36:30	15:38:11	15:39:29	15:41:16	15:42:29	15:43:39	15:45:19	15:46:45	15:48:02	15:49:08	15:50:49	15:53:10	15:55:57	15:57:33	15:58:53	16:00:31	16:01:39	16:03:08	16:05:50	16:07:53	16:09:06	16:10:24	16:11:59	16:14:45	16:16:23	16:18:05	16:19:45	16:21:21	16:23:14	16:25:33	16:26:41	16:28:02	16:30:25	16:32:30	16:33:57	16:35:10	16:36:24	16:38:47	
094250_6	38	0	15:42:30	15:44:10	15:45:39	15:47:26	15:48:39	15:49:50	15:51:31	15:53:18	15:54:45	15:55:52	15:57:34	15:59:35	16:02:00	16:03:44	16:05:11	16:06:56	16:08:04	16:09:55	16:13:03	16:15:11	16:16:29	16:17:47	16:19:20	16:21:08	16:22:45	16:24:27	16:25:56	16:27:28	16:29:33	16:32:02	16:33:14	16:34:24	16:36:14	16:38:28	16:39:45	16:40:56	16:42:09	16:43:51	
094350_6	32	0	""	""	""	""	""	""	15:43:30	15:44:25	15:45:50	15:47:00	15:48:39	15:50:33	15:53:05	15:54:50	15:56:16	15:57:56	15:59:09	16:00:42	16:03:39	16:05:40	16:07:00	16:08:25	16:10:05	16:11:52	16:13:44	16:15:21	16:17:13	16:19:06	16:21:15	16:23:31	16:24:51	16:26:10	16:28:24	16:30:45	16:32:20	16:33:35	16:34:47	16:36:20	
094850_6	38	0	15:48:30	15:50:14	15:51:43	15:53:53	15:55:11	15:56:20	15:58:03	15:59:36	16:00:58	16:02:08	16:04:16	16:06:20	16:08:36	16:10:13	16:12:01	16:13:42	16:14:54	16:16:30	16:19:43	16:22:14	16:23:34	16:24:54	16:26:25	16:28:10	16:29:44	16:31:24	16:32:56	16:34:36	16:36:42	16:39:26	16:40:36	16:41:49	16:43:39	16:46:11	16:47:34	16:48:55	16:50:10	16:51:39	
094950_6	32	0	""	""	""	""	""	""	15:49:30	15:50:40	15:52:03	15:53:13	15:55:07	15:57:02	15:59:10	16:00:53	16:02:19	16:04:02	16:05:13	16:06:52	16:09:57	16:12:04	16:13:20	16:14:44	16:16:18	16:18:14	16:19:58	16:21:41	16:23:34	16:25:20	16:27:36	16:29:49	16:30:58	16:32:17	16:33:58	16:36:10	16:37:31	16:38:48	16:40:01	16:41:44	
095400_6	38	0	15:54:00	15:56:19	15:57:44	15:59:37	16:01:09	16:02:22	16:04:04	16:05:36	16:06:56	16:08:08	16:10:09	16:12:15	16:14:10	16:15:53	16:17:24	16:19:07	16:20:21	16:21:58	16:25:09	16:27:32	16:28:48	16:30:09	16:31:51	16:34:13	16:35:53	16:37:37	16:39:30	16:41:21	16:44:04	16:46:48	16:48:12	16:49:28	16:51:24	16:53:45	16:55:46	16:57:14	16:58:44	16:59:28	
095550_6	32	0	""	""	""	""	""	""	15:55:30	15:56:49	15:58:13	15:59:18	16:01:06	16:02:56	16:04:49	16:06:22	16:08:03	16:09:43	16:10:56	16:12:40	16:15:58	16:18:26	16:19:44	16:21:04	16:22:37	16:24:29	16:26:05	16:27:45	16:29:21	16:31:17	16:33:20	16:35:57	16:37:07	16:38:18	16:39:57	16:42:21	16:43:47	16:44:47	16:46:33	16:47:51	
095700_6	38	0	15:57:00	15:59:42	16:01:19	16:03:33	16:04:52	16:06:13	16:07:58	16:09:51	16:11:24	16:12:36	16:14:38	16:16:31	16:18:35	16:20:12	16:21:50	16:23:30	16:24:47	16:26:33	16:30:01	16:32:20	16:33:44	16:35:08	16:36:38	16:38:36	16:40:14	16:42:00	16:43:43	16:45:34	16:47:36	16:50:14	16:51:35	16:52:52	16:54:42	16:56:54	16:58:23	16:59:46	17:01:05	17:02:42	
096150_6	32	0	""	""	""	""	""	""	16:01:30	16:03:09	16:04:31	16:05:33	16:07:13	16:09:04	16:10:55	16:12:29	16:13:51	16:15:37	16:16:49	16:18:20	16:21:50	16:24:05	16:25:31	16:26:51	16:28:21	16:30:25	16:32:01	16:33:44	16:35:26	16:37:11	16:39:27	16:42:01	16:43:10	16:44:24	16:46:15	16:48:22	16:49:39	16:51:02	16:52:09	16:54:13	
096300_6	38	0	16:03:00	16:05:55	16:07:26	16:09:03	16:10:24	16:11:32	16:13:20	16:14:49	16:16:12	16:17:25	16:19:09	16:21:19	16:23:16	16:25:00	16:26:33	16:28:21	16:29:42	16:31:17	16:34:33	16:36:39	16:37:59	16:39:22	16:40:57	16:42:51	16:45:19	16:46:20	16:47:59	16:49:42	16:51:58	16:54:21	16:55:35	16:56:54	16:58:49	17:01:04	17:02:30	17:03:46	17:05:02	17:08:20	
096550_6	38	0	16:05:30	16:07:57	16:09:31	16:11:37	16:13:03	16:14:10	16:15:51	16:17:21	16:18:39	16:19:46	16:21:29	16:23:34	16:25:29	16:27:12	16:28:35	16:30:27	16:31:38	16:33:15	16:36:27	16:38:37	16:39:58	16:41:26	16:43:01	16:45:23	16:46:44	16:48:34	16:50:14	16:51:56	16:54:12	16:56:38	16:57:38	16:59:06	17:01:06	17:03:10	17:04:32	17:05:55	17:07:18	17:11:02	
097000_6	32	0	""	""	""	""	""	""	16:10:02	16:12:08	16:13:28	16:14:34	16:16:33	16:18:56	16:20:43	16:22:26	16:23:55	16:25:48	16:27:01	16:28:40	16:32:14	16:34:27	16:35:50	16:37:12	16:38:48	16:40:40	16:42:17	16:44:02	16:45:49	16:47:29	16:49:45	16:52:25	16:53:44	16:54:47	16:56:54	16:59:03	17:00:17	17:01:36	17:02:50	17:06:02	
097100_6	38	0	16:11:00	16:14:49	16:16:21	16:18:09	16:19:25	16:20:33	16:22:15	16:23:54	16:25:13	16:26:22	16:28:04	16:29:49	16:31:45	16:33:20	16:34:39	16:36:21	16:37:31	16:39:07	16:42:00	16:44:08	16:45:38	16:46:50	16:48:19	16:50:36	16:51:35	16:53:08	16:55:47	16:58:12	16:59:41	17:01:58	17:03:04	17:04:32	17:06:26	17:08:30	17:09:51	17:11:06	17:12:36	17:15:56	
097850_6	32	0	""	""	""	""	""	""	16:18:30	16:20:18	16:21:37	16:22:43	16:24:28	16:26:13	16:27:57	16:29:29	16:30:49	16:32:42	16:33:51	16:35:23	16:38:24	16:40:39	16:42:14	16:43:44	16:45:24	16:46:59	16:48:44	16:50:23	16:52:35	16:55:18	16:57:39	17:00:21	17:01:26	17:02:36	17:04:20	17:06:26	17:07:44	17:08:55	17:10:09	17:13:22	
097900_6	38	0	16:19:00	16:21:17	16:22:57	16:25:06	16:26:25	16:27:45	16:29:39	16:31:08	16:32:39	16:33:51	16:35:47	16:37:58	16:40:01	16:41:47	16:43:30	16:45:47	16:46:37	16:48:17	16:51:38	16:53:45	16:55:14	16:56:36	16:58:09	17:00:02	17:01:50	17:03:33	17:05:10	17:06:56	17:09:31	17:12:26	17:13:46	17:15:08	17:12:00	17:20:10	17:21:02	17:22:36	17:23:13	17:24:13	
098500_6	38	0	16:25:00	16:26:54	16:28:20	16:29:55	16:31:05	16:32:15	16:34:29	16:36:06	16:37:25	16:38:30	16:40:11	16:42:29	16:44:23	16:46:18	16:47:48	16:49:42	16:50:53	16:52:31	16:55:48	16:57:18	16:59:16	17:00:42	17:02:19	17:04:15	17:06:07	17:07:58	17:09:46	17:11:41	17:14:24	17:17:19	17:18:41	17:20:17	17:22:21	17:24:32	17:26:00	17:27:22	17:28:35	17:30:23	
098600_6	32	0	""	""	""	""	""	""	16:26:00	16:27:42	16:29:08	16:30:15	16:31:54	16:33:16	16:36:04	16:37:46	16:39:16	16:41:01	16:42:15	16:43:51	16:46:49	16:49:21	16:50:46	16:52:12	16:53:46	16:55:46	16:57:46	16:59:23	17:01:01	17:03:00	17:05:47	17:08:16	17:09:31	17:10:48	17:12:28	17:14:33	17:16:02	17:17:25	17:18:41	17:21:04	
099100_6	38	0	16:31:00	16:32:58	16:34:32	16:36:31	16:37:56	16:39:09	16:41:04	16:42:40	16:44:06	16:45:06	16:47:09	16:49:05	16:50:59	16:52:42	16:54:06	16:55:47	16:57:06	16:58:34	17:01:40	17:03:54	17:05:25	17:06:47	17:08:19	17:10:26	17:12:24	17:14:09	17:15:41	17:17:26	17:19:37	17:22:21	17:23:31	17:24:53	17:26:44	17:29:04	17:30:27	17:31:46	17:33:06	17:36:19	
099200_6	32	0	""	""	""	""	""	""	16:32:00	16:33:51	16:35:10	16:36:16	16:37:57	16:40:22	16:42:06	16:44:10	16:45:10	16:47:31	16:48:50	16:50:25	16:53:45	16:55:54	16:57:53	16:58:43	17:00:15	17:02:13	17:04:04	17:05:54	17:07:38	17:09:24	17:11:55	17:14:32	17:15:55	17:17:26	17:20:01	17:22:13	17:23:38	17:25:01	17:26:17	17:27:34	
099650_6	38	0	16:36:30	16:38:31	16:39:58	16:41:39	16:43:01	16:44:11	16:46:41	16:48:05	16:49:35	16:50:47	16:52:45	16:54:47	16:56:39	16:58:39	16:59:27	17:01:18	17:02:30	17:04:05	17:07:05	17:09:14	17:10:32	17:11:57	17:13:35	17:15:24	17:17:42	17:19:24	17:21:24	17:23:14	17:25:33	17:28:12	17:29:32	17:30:52	17:33:01	17:35:13	17:36:33	17:37:59	17:39:12	17:42:36	
099800_6	32	0	""	""	""	""	""	""	16:38:00	16:39:13	16:40:36	16:41:46	16:43:34	16:45:51	16:47:16	16:48:58	16:50:25	16:52:07	16:53:17	16:54:53	16:58:09	17:00:12	17:01:31	17:02:53	17:04:27	17:07:42	17:09:23	17:11:09	17:13:01	17:14:46	17:16:49	17:19:30	17:20:44	17:22:12	17:24:24	17:26:33	17:28:01	17:29:15	17:30:24	17:33:03	
100250_6	38	0	16:42:30	16:45:12	16:46:20	16:48:02	16:49:30	16:50:45	16:52:34	16:54:13	16:55:41	16:57:13	16:59:03	17:01:01	17:03:05	17:04:46	17:06:19	17:08:02	17:09:19	17:10:58	17:14:29	17:16:56	17:18:21	17:19:48	17:21:25	17:23:29	17:25:21	17:27:14	17:29:02	17:31:20	17:33:45	17:36:46	17:38:25	17:40:04	17:42:03	17:44:39	17:46:15	17:47:41	17:49:10	17:50:38	
100350_6	32	0	""	""	""	""	""	""	16:43:30	16:45:55	16:47:21	16:48:38	16:50:25	16:52:19	16:54:20	16:56:02	16:57:20	16:59:07	17:00:22	17:02:01	17:04:58	17:07:07	17:08:36	17:10:01	17:11:33	17:13:31	17:15:12	17:17:19	17:18:57	17:20:46	17:23:16	17:25:44	17:27:08	17:28:31	17:30:25	17:32:42	17:34:18	17:35:48	17:37:12	17:39:13	
100400_6	20	0	""	""	""	""	""	""	""	""	""	""	""	""	""	""	""	""	""	""	16:44:06	16:46:00	16:47:27	16:48:45	16:50:24	16:52:17	16:54:00	16:56:37	16:58:58	17:00:51	17:03:04	17:06:04	17:07:16	17:08:27	17:10:01	17:12:00	17:13:20	17:14:36	17:15:57	17:18:25	
100850_6	38	0	16:48:30	16:51:43	16:53:07	16:54:58	16:56:12	16:57:12	16:59:36	17:01:31	17:02:56	17:04:15	17:06:06	17:08:16	17:10:07	17:11:47	17:13:19	17:15:00	17:16:13	17:17:46	17:20:54	17:23:11	17:24:45	17:26:11	17:27:44	17:29:36	17:31:11	17:32:56	17:34:37	17:36:21	17:38:29	17:41:04	17:42:34	17:44:05	17:46:42	17:48:46	17:50:19	17:51:37	17:52:48	17:55:25	
100950_6	32	0	""	""	""	""	""	""	16:49:30	16:50:57	16:52:24	16:53:38	16:55:31	16:57:54	16:59:48	17:01:28	17:03:11	17:05:02	17:06:19	17:07:52	17:11:08	17:13:10	17:14:28	17:15:51	17:17:31	17:19:34	17:21:17	17:23:05	17:24:45	17:26:37	17:29:06	17:31:34	17:32:49	17:34:10	17:35:57	17:38:34	17:40:01	17:41:29	17:42:46	17:45:33	
101350_6	38	0	16:53:30	16:55:07	16:56:36	16:58:28	16:59:56	17:01:09	17:02:54	17:04:22	17:05:41	17:06:47	17:08:45	17:11:12	17:13:19	17:14:52	17:16:29	17:18:05	17:19:22	17:20:58	17:24:32	17:26:48	17:28:07	17:29:29	17:31:04	17:32:56	17:34:39	17:36:23	17:38:12	17:39:59	17:42:41	17:46:06	17:47:27	17:48:45	17:50:46	17:53:29	17:55:05	17:56:36	17:57:53	17:59:52	
101550_6	32	0	""	""	""	""	""	""	16:55:30	16:57:00	16:58:30	16:59:30	17:01:30	17:03:30	17:05:00	17:07:00	17:08:00	17:10:00	17:11:00	17:12:30	17:15:30	17:17:00	17:18:30	17:19:30	17:21:00	17:23:00	17:25:00	17:27:00	17:29:00	17:31:00	17:33:00	17:35:00	17:36:00	17:37:30	17:39:00	17:40:30	17:42:00	17:43:30	17:45:00	17:47:00	
101850_6	31	0	""	""	""	""	""	""	""	16:58:59	17:00:20	17:01:26	17:03:15	17:05:09	17:08:03	17:09:37	17:10:59	17:12:36	17:13:44	17:15:13	17:18:17	17:20:28	17:21:56	17:23:16	17:24:47	17:26:38	17:28:18	17:29:52	17:31:36	17:33:29	17:36:16	17:39:01	17:40:22	17:42:06	17:44:39	17:46:57	17:48:15	17:49:42	17:50:57	17:53:06	
101900_6	38	0	16:59:00	17:02:51	17:04:28	17:06:23	17:07:36	17:08:50	17:11:58	17:13:38	17:15:08	17:16:18	17:18:15	17:21:15	17:23:16	17:24:57	17:26:32	17:28:07	17:29:20	17:30:52	17:33:49	17:35:49	17:37:09	17:38:33	17:40:09	17:42:02	17:43:50	17:45:32	17:47:07	17:48:53	17:51:04	17:53:34	17:54:56	17:56:16	17:58:23	18:00:43	18:02:08	18:03:26	18:04:53	18:07:50	
102100_6	32	0	""	""	""	""	""	""	17:01:00	17:02:30	17:04:00	17:05:00	17:07:00	17:09:00	17:10:30	17:12:30	17:13:30	17:15:30	17:16:30	17:18:00	17:21:00	17:22:30	17:24:00	17:25:00	17:26:30	17:28:30	17:30:30	17:32:30	17:34:30	17:36:30	17:38:30	17:40:30	17:41:30	17:43:00	17:44:30	17:46:00	17:47:30	17:49:00	17:50:30	17:52:30	
102450_6	38	0	17:04:30	17:08:40	17:10:02	17:11:48	17:13:03	17:14:20	17:16:07	17:17:45	17:19:03	17:20:10	17:21:55	17:23:47	17:25:45	17:27:17	17:28:42	17:30:20	17:31:34	17:33:04	17:36:06	17:38:11	17:39:28	17:40:49	17:42:18	17:44:13	17:46:00	17:48:06	17:49:45	17:51:28	17:53:27	17:55:51	17:57:00	17:58:22	18:00:36	18:02:44	18:04:10	18:05:25	18:07:18	18:10:48	
102650_6	32	0	""	""	""	""	""	""	17:06:30	17:08:43	17:09:57	17:10:56	17:12:39	17:14:40	17:16:35	17:18:12	17:19:37	17:21:18	17:22:30	17:24:03	17:26:56	17:28:56	17:30:17	17:31:33	17:34:12	17:36:01	17:37:36	17:39:13	17:40:44	17:42:28	17:46:37	17:48:57	17:50:15	17:51:32	17:53:51	17:56:06	17:57:24	17:58:53	18:00:01	18:03:12	
103150_6	32	0	""	""	""	""	""	""	17:11:30	17:11:45	17:13:10	17:14:22	17:16:13	17:18:14	17:21:04	17:22:42	17:24:13	17:25:45	17:26:55	17:28:29	17:31:17	17:33:25	17:34:39	17:36:03	17:37:27	17:39:08	17:40:45	17:42:26	17:43:55	17:46:33	17:48:46	17:50:58	17:52:14	17:53:48	17:56:03	17:58:18	17:59:36	18:00:51	18:02:06	18:05:30	
103200_6	38	0	17:12:00	17:17:13	17:18:30	17:20:15	17:21:30	17:22:42	17:24:20	17:25:52	17:27:12	17:28:20	17:30:04	17:31:49	17:33:33	17:35:06	17:36:26	17:38:01	17:39:15	17:40:42	17:43:43	17:45:45	17:47:01	17:48:18	17:49:45	17:51:30	17:53:05	17:54:37	17:56:05	17:59:48	18:01:51	18:04:09	18:05:27	18:06:40	18:08:25	18:11:05	18:12:27	18:13:42	18:14:49	18:16:59	
103800_6	32	0	""	""	""	""	""	""	17:18:00	17:20:31	17:21:54	17:23:00	17:25:00	17:27:06	17:29:04	17:30:43	17:32:12	17:33:46	17:35:00	17:36:32	17:39:36	17:41:54	17:43:30	17:44:53	17:46:32	17:48:26	17:50:05	17:51:50	17:53:28	17:55:42	17:58:04	18:01:11	18:02:29	18:03:50	18:05:48	18:08:32	18:10:00	18:11:29	18:12:46	18:14:26	
103950_6	38	0	17:19:30	17:22:00	17:23:30	17:25:00	17:26:30	17:27:30	17:29:30	17:31:00	17:32:30	17:33:30	17:35:00	17:37:00	17:38:30	17:40:30	17:41:30	17:43:30	17:44:30	17:46:00	17:49:00	17:50:30	17:52:00	17:53:00	17:54:30	17:56:30	17:58:30	18:00:30	18:02:00	18:04:00	18:06:00	18:08:00	18:09:00	18:10:30	18:12:00	18:13:30	18:15:00	18:16:30	18:18:00	18:20:00	
104550_6	32	0	""	""	""	""	""	""	17:25:30	17:27:00	17:28:30	17:29:30	17:31:00	17:33:00	17:34:30	17:36:30	17:37:30	17:39:30	17:40:30	17:42:00	17:45:00	17:46:30	17:48:00	17:49:00	17:50:30	17:52:30	17:54:30	17:56:30	17:58:00	18:00:00	18:02:00	18:04:00	18:05:00	18:06:30	18:08:00	18:09:30	18:11:00	18:12:30	18:14:00	18:16:00	
104750_6	38	0	17:27:30	17:29:15	17:30:47	17:32:56	17:34:19	17:35:51	17:37:51	17:39:23	17:40:58	17:42:13	17:44:11	17:46:25	17:48:33	17:50:14	17:51:41	17:53:23	17:54:37	17:56:15	17:59:23	18:01:34	18:02:54	18:04:16	18:05:52	18:07:45	18:09:30	18:11:16	18:12:56	18:14:42	18:17:14	18:20:06	18:21:24	18:22:53	18:25:04	18:27:39	18:28:58	18:30:21	18:31:51	18:33:35	
105300_6	32	0	""	""	""	""	""	""	17:33:00	17:36:08	17:37:36	17:38:41	17:40:31	17:42:28	17:44:23	17:46:06	17:47:40	17:49:26	17:50:40	17:52:20	17:55:28	17:57:42	17:59:19	18:00:41	18:02:17	18:04:17	18:06:03	18:08:00	18:09:54	18:11:59	18:14:33	18:17:15	18:19:17	18:20:52	18:22:41	18:25:02	18:26:38	18:28:07	18:29:32	18:31:49	
105550_6	38	0	17:35:30	17:37:21	17:38:56	17:40:42	17:42:13	17:43:25	17:45:03	17:46:35	17:47:55	17:48:59	17:50:39	17:52:30	17:54:30	17:56:09	17:57:34	17:59:10	18:00:23	18:02:00	18:04:48	18:06:43	18:08:00	18:09:19	18:10:51	18:12:50	18:14:39	18:16:19	18:17:54	18:19:59	18:22:05	18:24:44	18:25:53	18:27:33	18:30:06	18:31:36	18:33:50	18:35:07	18:36:21	18:38:38	
106050_6	32	0	""	""	""	""	""	""	17:40:30	17:42:17	17:43:46	17:44:55	17:46:36	17:49:21	17:51:17	17:52:58	17:54:34	17:56:11	17:57:24	17:59:00	18:01:54	18:03:57	18:05:19	18:06:38	18:08:04	18:09:48	18:11:37	18:13:23	18:15:03	18:16:58	18:19:40	18:22:07	18:23:24	18:25:07	18:27:41	18:30:12	18:31:42	18:32:54	18:34:12	18:36:18	
106350_6	38	0	17:43:30	17:45:10	17:46:31	17:48:16	17:49:29	17:50:48	17:52:47	17:54:10	17:55:27	17:56:30	17:58:19	18:00:08	18:01:53	18:03:23	18:04:53	18:06:25	18:07:31	18:09:01	18:11:51	18:13:57	18:15:16	18:16:31	18:18:17	18:20:06	18:21:51	18:23:29	18:24:59	18:26:40	18:28:57	18:31:43	18:32:37	18:33:54	18:35:32	18:37:47	18:38:54	18:40:08	18:41:16	18:44:59	
106850_6	32	0	""	""	""	""	""	""	17:48:30	17:50:01	17:51:17	17:52:20	17:54:14	17:56:02	17:57:50	17:59:23	18:00:41	18:02:16	18:03:37	18:04:59	18:07:47	18:09:50	18:11:13	18:12:32	18:14:01	18:15:49	18:17:24	18:19:10	18:20:36	18:22:12	18:24:11	18:27:28	18:28:36	18:29:36	18:32:32	18:34:39	18:36:02	18:37:20	18:38:28	18:42:07	
107150_6	38	0	17:51:30	17:54:00	17:55:30	17:57:00	17:58:00	17:59:00	18:00:30	18:02:00	18:03:30	18:04:30	18:06:00	18:08:00	18:09:30	18:11:30	18:12:30	18:14:30	18:15:30	18:17:00	18:20:00	18:21:30	18:23:00	18:24:00	18:25:30	18:27:30	18:29:30	18:31:00	18:33:00	18:34:30	18:36:30	18:38:30	18:39:30	18:40:30	18:42:30	18:44:00	18:45:30	18:46:30	18:48:00	18:50:00	
107650_6	32	0	""	""	""	""	""	""	17:56:30	17:57:39	17:59:00	18:00:07	18:01:53	18:03:37	18:05:28	18:07:12	18:08:42	18:10:23	18:11:47	18:13:19	18:16:22	18:18:27	18:19:47	18:21:11	18:22:41	18:24:34	18:26:10	18:27:50	18:30:12	18:31:28	18:33:33	18:36:27	18:37:50	18:39:10	18:41:01	18:43:22	18:44:54	18:46:15	18:47:31	18:49:06	
107750_6	38	0	17:57:30	17:59:26	18:01:04	18:02:58	18:04:29	18:05:55	18:07:26	18:09:33	18:10:55	18:12:08	18:13:59	18:16:11	18:18:10	18:20:07	18:21:44	18:23:27	18:24:42	18:26:24	18:29:45	18:31:15	18:33:22	18:34:46	18:36:22	18:38:07	18:40:01	18:41:54	18:43:48	18:45:39	18:48:03	18:50:34	18:51:56	18:53:19	18:55:06	18:57:25	18:58:57	19:00:23	19:01:44	19:03:17	
108450_6	32	0	""	""	""	""	""	""	18:04:30	18:06:30	18:07:47	18:08:50	18:10:42	18:12:38	18:14:37	18:16:08	18:17:30	18:19:08	18:20:22	18:21:55	18:24:50	18:26:50	18:28:04	18:29:23	18:30:53	18:32:34	18:34:09	18:35:49	18:37:31	18:39:40	18:41:50	18:44:13	18:45:25	18:47:10	18:49:46	18:51:54	18:53:15	18:54:46	18:56:05	18:58:58	
108650_6	38	0	18:06:30	18:07:19	18:08:41	18:10:30	18:11:47	18:12:57	18:14:25	18:16:48	18:20:01	18:21:08	18:23:03	18:25:02	18:27:02	18:28:46	18:30:17	18:32:17	18:33:21	18:34:52	18:38:04	18:40:09	18:41:22	18:42:39	18:44:17	18:46:11	18:47:53	18:49:35	18:51:06	18:52:45	18:54:53	18:57:19	18:58:37	19:00:01	19:01:43	19:04:21	19:05:53	19:07:12	19:08:26	19:09:47	
109150_6	38	0	18:11:30	18:13:46	18:15:06	18:16:37	18:17:53	18:19:01	18:20:48	18:22:14	18:23:30	18:24:33	18:26:08	18:27:54	18:29:50	18:31:59	18:32:59	18:34:10	18:35:29	18:36:57	18:40:00	18:42:11	18:45:38	18:46:57	18:48:26	18:50:12	18:51:47	18:53:30	18:54:58	18:56:38	18:58:33	19:00:47	19:01:58	19:03:11	19:04:40	19:06:40	19:08:01	19:09:20	19:10:27	19:12:16	
109250_6	32	0	""	""	""	""	""	""	18:12:30	18:14:26	18:15:45	18:16:51	18:18:31	18:20:17	18:22:02	18:23:37	18:24:55	18:27:08	18:27:42	18:29:16	18:32:05	18:35:29	18:36:49	18:38:08	18:39:37	18:41:17	18:42:57	18:44:50	18:46:22	18:48:02	18:50:14	18:52:36	18:53:46	18:55:07	18:57:17	18:59:22	19:00:43	19:02:04	19:03:18	19:05:20	
110000_6	38	0	18:20:00	18:21:10	18:22:25	18:24:03	18:25:15	18:26:19	18:27:31	18:29:28	18:30:40	18:31:40	18:33:20	18:35:09	18:38:27	18:39:55	18:41:07	18:42:36	18:43:42	18:45:05	18:47:43	18:50:31	18:51:49	18:54:07	18:55:36	18:57:20	18:58:45	19:00:12	19:01:33	19:03:05	19:05:07	19:07:31	19:08:37	19:09:55	19:12:04	19:14:49	19:16:04	19:17:18	19:18:21	19:20:09	
110550_6	32	0	""	""	""	""	""	""	18:25:30	18:26:58	18:28:01	18:29:04	18:30:45	18:32:41	18:34:42	18:36:24	18:37:53	18:39:31	18:40:43	18:42:20	18:45:37	18:48:03	18:49:29	18:50:54	18:52:30	18:54:24	18:56:07	18:57:44	18:59:22	19:01:03	19:03:05	19:05:34	19:06:48	19:08:04	19:09:54	19:12:16	19:13:45	19:15:04	19:16:17	19:17:53	
110850_6	38	0	18:28:30	18:29:22	18:30:40	18:32:59	18:34:22	18:35:43	18:37:21	18:39:00	18:40:18	18:41:23	18:43:30	18:45:38	18:47:31	18:49:03	18:50:31	18:52:10	18:55:30	18:57:08	19:00:19	19:02:51	19:04:14	19:05:47	19:07:37	19:09:31	19:11:14	19:13:21	19:15:11	19:17:05	19:19:51	19:23:09	19:24:47	19:25:47	19:27:23	19:29:17	19:30:49	19:32:12	19:33:25	19:35:15	
111250_6	38	0	18:32:30	18:34:10	18:35:11	18:37:18	18:38:36	18:39:47	18:41:33	18:46:22	18:47:41	18:48:46	18:50:55	18:53:08	18:55:04	18:56:44	18:58:21	19:00:03	19:01:15	19:02:52	19:06:31	19:08:51	19:10:17	19:11:39	19:13:14	19:15:04	19:16:45	19:18:35	19:20:07	19:21:46	19:23:54	19:26:44	19:27:56	19:29:20	19:31:09	19:33:33	19:35:01	19:36:24	19:37:39	19:39:00	
111350_6	32	0	""	""	""	""	""	""	18:33:30	18:34:46	18:36:14	18:37:29	18:39:15	18:41:19	18:43:18	18:44:55	18:46:19	18:48:06	18:49:20	18:50:55	18:53:44	18:55:57	18:57:13	18:58:32	18:59:59	19:01:47	19:03:25	19:04:58	19:06:33	19:08:12	19:10:31	19:13:09	19:14:20	19:15:41	19:17:26	19:19:39	19:21:01	19:23:11	19:24:26	19:26:10	
112100_6	38	0	18:41:00	18:42:46	18:44:25	18:46:06	18:47:28	18:48:42	18:50:28	18:51:57	18:53:19	18:54:30	18:56:18	18:58:20	19:00:16	19:02:01	19:03:36	19:05:31	19:06:51	19:08:26	19:11:28	19:13:35	19:14:54	19:16:21	19:17:50	19:19:36	19:21:14	19:22:57	19:24:34	19:26:11	19:28:22	19:30:48	19:32:03	19:33:16	19:34:53	19:36:59	19:38:27	19:39:48	19:41:13	19:43:14	
112550_6	32	0	""	""	""	""	""	""	18:45:30	18:47:00	18:48:30	18:49:30	18:51:00	18:53:00	18:54:30	18:56:30	18:57:30	18:59:30	19:00:30	19:02:00	19:05:00	19:06:30	19:08:00	19:09:00	19:10:30	19:12:30	19:14:00	19:16:00	19:17:30	19:19:00	19:21:00	19:23:00	19:24:00	19:25:00	19:27:00	19:28:00	19:29:30	19:30:30	19:32:00	19:34:00	
113000_6	38	0	18:50:00	18:51:41	18:53:08	18:55:10	18:56:26	18:57:44	18:59:22	19:00:50	19:02:07	19:03:13	19:04:54	19:06:47	19:08:36	19:10:13	19:11:37	19:13:15	19:14:23	19:15:55	19:19:03	19:21:25	19:22:45	19:24:05	19:25:34	19:27:19	19:28:56	19:30:28	19:32:11	19:33:54	19:35:53	19:38:22	19:39:30	19:40:43	19:42:29	19:44:33	19:45:53	19:47:08	19:48:21	19:49:52	
113450_6	32	0	""	""	""	""	""	""	18:54:30	18:55:57	18:57:24	18:58:36	19:00:25	19:02:21	19:04:13	19:05:54	19:07:23	19:09:04	19:10:22	19:11:58	19:14:50	19:16:56	19:18:25	19:19:54	19:21:32	19:23:28	19:25:06	19:26:48	19:28:26	19:30:09	19:32:10	19:34:37	19:35:46	19:37:05	19:38:43	19:40:45	19:42:18	19:43:40	19:45:00	19:46:30	
113900_6	38	0	18:59:00	18:59:14	19:00:50	19:02:43	19:03:57	19:05:13	19:07:00	19:08:38	19:10:05	19:11:14	19:13:16	19:15:18	19:17:11	19:18:57	19:20:28	19:22:08	19:23:28	19:25:01	19:28:02	19:30:15	19:31:30	19:32:54	19:34:25	19:36:17	19:37:57	19:39:42	19:41:13	19:42:53	19:45:07	19:47:50	19:49:02	19:50:23	19:52:12	19:54:47	19:56:13	19:57:30	19:58:44	20:00:13	
114350_6	32	0	""	""	""	""	""	""	19:03:30	19:03:57	19:05:23	19:06:37	19:08:23	19:10:15	19:12:25	19:14:02	19:15:33	19:17:13	19:18:25	19:19:56	19:22:57	19:24:58	19:26:18	19:27:39	19:29:07	19:31:02	19:32:36	19:34:25	19:36:03	19:37:42	19:39:40	19:42:03	19:43:13	19:44:29	19:46:14	19:48:19	19:49:42	19:51:03	19:52:11	19:53:34	
114600_6	38	0	19:06:00	19:08:04	19:09:34	19:11:22	19:12:40	19:13:55	19:15:15	19:17:15	19:18:38	19:19:53	19:21:38	19:23:34	19:26:01	19:27:46	19:29:21	19:31:01	19:32:15	19:33:47	19:36:40	19:38:50	19:40:15	19:41:36	19:43:11	19:46:11	19:47:52	19:49:27	19:50:57	19:52:37	19:54:42	19:57:07	19:58:20	19:59:46	20:01:26	20:03:48	20:05:14	20:06:30	20:07:43	20:09:32	
115100_6	38	0	19:11:00	19:13:13	19:14:40	19:16:20	19:17:33	19:18:41	19:20:06	19:21:58	19:23:17	19:24:21	19:26:12	19:28:02	19:31:15	19:32:56	19:34:18	19:35:54	19:37:05	19:38:35	19:41:35	19:43:28	19:44:42	19:46:04	19:47:32	19:49:22	19:51:06	19:52:36	19:54:14	19:55:47	19:57:48	20:00:11	20:01:18	20:02:28	20:04:06	20:06:19	20:07:38	20:09:04	20:10:16	20:12:14	
115250_6	32	0	""	""	""	""	""	""	19:12:30	19:13:50	19:15:19	19:16:41	19:18:40	19:20:44	19:22:43	19:24:26	19:26:00	19:27:43	19:29:03	19:30:41	19:33:48	19:36:00	19:37:31	19:38:59	19:40:41	19:42:33	19:44:13	19:46:05	19:47:38	19:49:23	19:51:42	19:54:16	19:55:30	19:56:47	19:58:41	20:00:52	20:02:25	20:03:57	20:05:20	20:06:50	
116100_6	38	0	19:21:00	19:22:44	19:24:02	19:25:39	19:26:50	19:27:54	19:29:03	19:31:08	19:32:22	19:33:32	19:35:18	19:37:17	19:40:56	19:42:26	19:43:57	19:45:26	19:46:32	19:47:58	19:50:48	19:52:49	19:54:04	19:55:20	19:56:50	19:58:42	20:00:11	20:01:52	20:03:16	20:05:14	20:07:12	20:09:18	20:10:24	20:11:37	20:13:12	20:15:17	20:16:39	20:17:57	20:19:10	20:20:31	
116600_6	38	0	19:26:00	19:27:50	19:29:13	19:31:06	19:32:19	19:33:27	19:34:40	19:36:37	19:37:54	19:38:59	19:40:52	19:43:24	19:45:58	19:47:35	19:48:53	19:50:26	19:51:37	19:53:18	19:56:46	19:58:54	20:00:11	20:01:31	20:03:01	20:04:50	20:06:34	20:08:07	20:09:44	20:11:28	20:13:37	20:16:17	20:17:27	20:18:40	20:20:28	20:22:46	20:24:07	20:25:24	20:26:37	20:28:11	
116700_6	32	0	""	""	""	""	""	""	19:27:00	19:28:10	19:29:33	19:30:35	19:32:20	19:34:18	19:36:08	19:37:41	19:39:04	19:40:40	19:41:49	19:43:14	19:46:17	19:48:14	19:49:29	19:50:47	19:52:10	19:53:55	19:55:34	19:57:05	19:58:37	20:00:13	20:02:09	20:04:40	20:05:45	20:06:56	20:08:33	20:10:38	20:11:58	20:13:13	20:14:20	20:15:42	
117100_6	38	0	19:31:00	19:33:04	19:34:31	19:36:09	19:37:29	19:38:37	19:39:47	19:41:57	19:43:18	19:44:28	19:46:13	19:48:08	19:51:26	19:53:04	19:54:32	19:56:09	19:57:20	19:58:54	20:01:52	20:05:24	20:06:49	20:08:17	20:09:53	20:11:44	20:13:23	20:15:11	20:16:53	20:18:36	20:20:51	20:23:23	20:24:37	20:26:02	20:27:46	20:28:46	20:31:16	20:32:42	20:33:53	20:36:13	
117700_6	38	0	19:37:00	19:39:24	19:43:40	19:45:38	19:47:22	19:48:36	19:49:43	19:51:42	19:53:03	19:54:17	19:56:04	19:57:48	19:59:29	19:58:00	20:02:04	20:04:04	20:05:04	20:05:20	20:08:41	20:10:39	20:12:00	20:13:23	20:14:50	20:16:39	20:18:11	20:19:56	20:21:30	20:23:05	20:24:52	20:27:02	20:28:14	20:29:14	20:31:00	20:33:16	20:34:20	20:35:50	20:36:43	20:38:00	
118100_6	38	0	19:41:00	19:45:19	19:46:51	19:48:38	19:49:55	19:51:03	19:52:19	19:54:16	19:55:38	19:56:45	19:58:29	20:00:22	20:02:12	20:03:49	20:05:18	20:06:54	20:08:08	20:09:56	20:12:54	20:14:44	20:16:05	20:17:24	20:18:53	20:20:44	20:22:13	20:23:52	20:25:24	20:27:10	20:29:51	20:31:49	20:32:49	20:34:14	20:35:51	20:38:04	20:39:27	20:40:53	20:42:09	20:43:28	
118650_6	38	0	19:46:30	19:50:00	19:51:31	19:53:13	19:54:29	19:55:43	19:56:52	19:58:58	20:00:19	20:01:26	20:03:18	20:05:21	20:07:15	20:08:56	20:10:25	20:12:12	20:13:24	20:14:54	20:17:52	20:19:53	20:21:13	20:22:32	20:23:58	20:25:38	20:27:09	20:28:40	20:30:06	20:31:46	20:33:48	20:35:55	20:37:02	20:38:50	20:40:40	20:42:57	20:44:21	20:45:38	20:46:55	20:48:22	
119300_6	38	0	19:53:00	19:54:38	19:56:05	19:57:55	19:59:12	20:00:25	20:02:13	20:03:42	20:05:03	20:06:14	20:07:59	20:09:51	20:11:37	20:13:12	20:14:33	20:16:11	20:17:22	20:18:50	20:21:38	20:23:30	20:24:43	20:26:03	20:27:32	20:29:56	20:31:00	20:33:23	20:34:20	20:35:55	20:37:50	20:39:53	20:40:56	20:42:17	20:43:54	20:46:01	20:47:25	20:48:41	20:51:40	20:53:07	
119700_6	38	0	19:57:00	19:59:15	20:00:45	20:02:33	20:03:52	20:05:05	20:06:11	20:08:04	20:09:22	20:10:32	20:12:16	20:14:09	20:16:02	20:17:37	20:19:06	20:20:38	20:21:52	20:23:22	20:26:14	20:28:15	20:29:45	20:30:44	20:32:10	20:33:53	20:35:51	20:37:02	20:38:33	20:40:06	20:41:57	20:44:17	20:45:25	20:48:38	20:50:13	20:52:16	20:56:11	20:57:34	20:58:52	21:00:05	
120300_6	38	0	20:03:00	20:05:24	20:06:54	20:08:51	20:10:09	20:11:22	20:13:08	20:14:42	20:16:08	20:17:19	20:19:15	20:21:19	20:23:18	20:24:57	20:26:19	20:27:57	20:29:12	20:30:48	20:33:43	20:35:46	20:37:06	20:38:26	20:39:58	20:42:56	20:44:26	20:46:26	20:47:56	20:49:26	20:51:26	20:53:26	20:54:26	20:55:26	20:56:56	20:58:26	20:59:26	21:00:56	21:01:56	21:03:56	
120800_6	38	0	20:08:00	20:11:29	20:12:55	20:14:35	20:15:48	20:16:53	20:18:31	20:19:54	20:21:16	20:22:20	20:23:59	20:25:42	20:27:23	20:28:52	20:29:52	20:31:40	20:32:40	20:34:16	20:39:47	20:41:44	20:42:54	20:44:09	20:45:37	20:44:00	20:51:50	20:53:50	20:53:32	20:55:32	20:57:36	20:59:55	21:01:09	21:02:35	21:04:29	21:06:11	21:07:46	21:08:41	21:09:41	21:10:34	
121300_6	38	0	20:13:00	20:16:16	20:17:40	20:19:19	20:20:38	20:21:53	20:23:37	20:25:04	20:26:25	20:27:35	20:29:27	20:31:13	20:33:06	20:34:38	20:36:03	20:37:38	20:38:49	20:40:17	20:42:57	20:44:46	20:46:02	20:47:21	20:50:40	20:52:25	20:54:22	20:56:00	20:57:36	20:59:24	21:01:37	21:04:06	21:05:15	21:06:26	21:08:01	21:10:01	21:11:28	21:12:46	21:13:59	21:15:14	
121800_6	38	0	20:18:00	20:18:52	20:20:14	20:22:01	20:23:14	20:24:26	20:25:58	20:27:21	20:28:40	20:29:40	20:31:33	20:33:30	20:36:10	20:39:22	20:40:58	20:42:30	20:43:36	20:44:57	20:47:38	20:49:31	20:50:52	20:52:24	20:54:30	20:59:31	21:00:57	21:02:29	21:03:51	21:05:19	21:07:16	21:10:04	21:11:10	21:12:22	21:13:55	21:15:50	21:17:10	21:18:21	21:19:29	21:20:45	
122300_6	38	0	20:23:00	20:24:50	20:26:14	20:27:52	20:29:04	20:30:20	20:32:00	20:33:29	20:34:51	20:36:00	20:37:46	20:39:37	20:41:27	20:43:08	20:44:42	20:46:19	20:47:30	20:49:05	20:52:08	20:54:08	20:55:24	20:56:47	20:59:16	21:01:45	21:03:21	21:04:56	21:06:30	21:08:09	21:10:17	21:13:46	21:15:12	21:16:23	21:18:09	21:20:15	21:21:43	21:23:02	21:24:17	21:25:45	
122800_6	38	0	20:28:00	20:30:52	20:32:18	20:34:12	20:35:12	20:36:38	20:38:26	20:40:09	20:41:40	20:42:48	20:44:44	20:46:45	20:48:34	20:50:12	20:51:42	20:53:22	20:54:40	20:56:13	20:59:08	21:01:06	21:02:25	21:03:49	21:05:23	21:07:12	21:08:46	21:10:26	21:12:00	21:13:44	21:16:06	21:24:02	21:25:33	21:26:49	21:28:29	21:30:37	21:32:07	21:33:30	21:34:45	21:36:20	
123300_6	38	0	20:33:00	20:35:30	20:37:00	20:38:30	20:39:30	20:40:30	20:42:00	20:43:30	20:45:00	20:46:00	20:47:30	20:49:30	20:51:00	20:53:00	20:54:00	20:56:00	20:57:00	20:58:30	21:01:30	21:03:00	21:04:30	21:05:30	21:07:00	21:09:00	21:10:30	21:12:30	21:14:00	21:15:30	21:17:30	21:19:30	21:20:30	21:21:30	21:23:00	21:24:30	21:25:30	21:27:00	21:28:00	21:30:00	
123900_6	38	0	20:39:00	20:40:31	20:41:57	20:44:13	20:45:30	20:46:44	20:48:24	20:49:49	20:51:09	20:52:16	20:54:05	20:55:55	20:57:49	20:59:23	21:00:50	21:02:25	21:03:36	21:05:33	21:09:44	21:11:53	21:13:14	21:14:32	21:16:04	21:17:50	21:19:29	21:21:12	21:22:43	21:21:30	21:28:55	21:29:36	21:30:36	21:31:36	21:27:25	21:39:11	21:40:37	21:42:06	21:43:41	21:45:15	
124400_6	38	0	20:44:00	20:47:06	20:48:25	20:49:58	20:51:09	20:52:16	20:53:21	20:55:13	20:56:31	20:57:35	20:59:16	21:01:01	21:02:46	21:04:19	21:05:35	21:07:10	21:08:19	21:09:48	21:12:32	21:15:34	21:16:55	21:18:13	21:19:38	21:27:56	21:29:23	21:30:59	21:32:25	21:34:08	21:39:14	21:38:49	21:39:49	21:40:49	21:33:25	21:47:18	21:48:38	21:49:56	21:51:05	21:52:23	
125100_6	38	0	20:51:00	20:53:09	20:54:36	20:56:29	20:57:42	20:58:51	21:00:34	21:01:58	21:03:15	21:04:19	21:05:59	21:07:54	21:09:41	21:11:15	21:12:34	21:14:05	21:15:13	21:16:42	21:19:32	21:21:30	21:22:51	21:24:06	21:27:53	21:29:33	21:31:10	21:32:44	21:34:21	21:38:08	21:42:41	21:46:57	21:48:14	21:49:20	21:51:09	21:53:14	21:54:32	21:55:43	21:56:48	21:59:03	
125700_6	38	0	20:57:00	20:58:42	21:00:17	21:02:18	21:03:32	21:04:47	21:06:38	21:08:10	21:09:32	21:10:42	21:12:45	21:15:02	21:17:02	21:18:41	21:20:24	21:22:03	21:23:14	21:24:56	21:28:06	21:30:49	21:32:09	21:33:35	21:36:08	21:38:13	21:39:48	21:41:24	21:42:57	21:44:38	21:47:05	21:50:46	21:52:02	21:53:16	21:54:54	21:57:28	21:58:52	22:00:08	22:01:20	22:02:45	
126400_6	38	0	21:04:00	21:06:16	21:07:49	21:09:44	21:11:03	21:12:24	21:14:15	21:15:50	21:17:17	21:18:28	21:20:27	21:22:31	21:24:33	21:26:19	21:27:54	21:29:48	21:31:04	21:32:34	21:35:51	21:38:08	21:39:25	21:40:47	21:42:26	21:44:17	21:45:52	21:47:31	21:49:04	21:50:41	21:52:42	21:55:12	21:56:24	21:57:34	21:59:16	22:01:37	22:03:08	22:04:36	22:05:50	22:07:18	
127100_6	38	0	21:11:00	21:16:28	21:18:01	21:19:45	21:20:56	21:22:05	21:23:44	21:25:10	21:26:29	21:27:36	21:29:24	21:31:18	21:33:16	21:34:50	21:36:09	21:37:47	21:38:56	21:40:28	21:43:29	21:45:57	21:47:15	21:48:33	21:50:02	21:51:48	21:53:15	21:54:45	21:56:23	21:57:54	21:59:55	22:02:20	22:03:40	22:04:55	22:07:01	22:09:09	22:10:31	22:11:52	22:13:02	22:14:42	
127800_6	38	0	21:18:00	21:22:38	21:24:14	21:26:00	21:27:20	21:28:38	21:30:21	21:32:00	21:33:31	21:34:43	21:36:29	21:38:24	21:40:16	21:41:51	21:43:17	21:44:57	21:46:09	21:47:40	21:50:30	21:52:28	21:53:45	21:55:07	21:56:35	21:58:16	21:59:48	22:01:23	22:02:56	22:04:32	22:06:24	22:08:38	22:09:45	22:11:00	22:12:30	22:14:47	22:16:06	22:17:20	22:18:32	22:20:24	
128550_6	38	0	21:25:30	21:30:19	21:31:48	21:33:50	21:35:07	21:36:16	21:38:04	21:39:33	21:40:54	21:42:05	21:44:13	21:46:26	21:48:26	21:50:02	21:51:29	21:53:09	21:54:24	21:55:59	21:59:10	22:01:26	22:02:45	22:04:03	22:06:00	22:08:01	22:09:32	22:11:15	22:12:51	22:14:32	22:16:48	22:19:35	22:20:42	22:22:05	22:23:48	22:25:58	22:27:21	22:28:36	22:29:45	22:31:15	
129350_6	38	0	21:33:30	21:35:25	21:37:00	21:39:04	21:40:26	21:41:37	21:43:28	21:45:04	21:46:26	21:47:39	21:49:48	21:52:05	21:54:15	21:56:01	21:57:35	21:59:17	22:00:31	22:02:08	22:05:15	22:07:46	22:09:08	22:10:34	22:12:17	22:15:27	22:17:01	22:18:37	22:20:24	22:22:02	22:24:06	22:26:40	22:27:58	22:29:11	22:31:03	22:33:57	22:35:23	22:36:42	22:37:57	22:39:27	
130150_6	38	0	21:41:30	21:44:00	21:45:30	21:47:00	21:48:00	21:49:00	21:50:30	21:52:00	21:53:30	21:54:30	21:56:00	21:58:00	21:59:30	22:01:30	22:02:30	22:04:30	22:05:30	22:07:00	22:10:00	22:11:30	22:13:00	22:14:00	22:15:30	22:17:30	22:19:00	22:21:00	22:22:30	22:24:00	22:26:00	22:28:00	22:29:00	22:30:00	22:31:30	22:33:00	22:34:00	22:35:30	22:36:30	22:38:30	
130300_6	9	0	""	""	""	""	""	""	""	""	""	""	""	""	""	""	""	""	""	""	""	""	""	""	""	""	""	""	""	""	""	21:44:06	21:45:35	21:46:51	21:48:35	21:50:56	21:52:20	21:53:40	21:54:57	21:56:37	
130950_6	38	0	21:49:30	21:52:14	21:53:33	21:55:22	21:56:34	21:57:45	21:59:20	22:00:48	22:02:05	22:03:17	22:05:01	22:06:49	22:08:40	22:10:12	22:11:51	22:13:22	22:14:31	22:16:05	22:18:46	22:20:45	22:21:59	22:23:17	22:24:41	22:26:30	22:28:00	22:29:30	22:30:56	22:32:29	22:34:18	22:36:32	22:37:33	22:38:40	22:40:20	22:42:13	22:43:30	22:44:42	22:45:49	22:47:00	
131750_6	38	0	21:57:30	21:59:28	22:01:09	22:03:17	22:04:43	22:06:06	22:07:59	22:09:29	22:10:53	22:12:04	22:14:12	22:16:26	22:18:18	22:20:00	22:21:35	22:23:11	22:24:24	22:26:06	22:29:21	22:31:27	22:32:46	22:34:07	22:35:34	22:37:25	22:38:58	22:40:30	22:41:59	22:43:38	22:45:53	22:48:23	22:49:37	22:50:53	22:52:43	22:55:00	22:56:24	22:57:45	22:58:58	23:00:38	
132550_6	38	0	22:05:30	22:07:34	22:09:15	22:11:18	22:12:40	22:13:57	22:15:50	22:17:21	22:18:46	22:19:57	22:21:48	22:23:52	22:25:46	22:27:24	22:28:49	22:30:27	22:31:40	22:33:15	22:36:19	22:38:22	22:39:40	22:41:02	22:42:37	22:44:24	22:45:58	22:47:34	22:49:05	22:50:43	22:52:37	22:56:28	22:57:47	22:59:05	23:00:50	23:03:09	23:04:34	23:05:52	23:07:05	23:08:35	
133350_6	38	0	22:13:30	22:15:10	22:16:40	22:18:37	22:19:59	22:21:12	22:22:58	22:24:36	22:25:55	22:27:07	22:29:06	22:31:12	22:33:24	22:35:03	22:36:31	22:38:08	22:39:21	22:40:56	22:44:04	22:46:13	22:47:28	22:48:46	22:50:18	22:52:03	22:53:37	22:55:18	22:56:55	22:58:31	23:00:32	23:03:00	23:04:09	23:05:16	23:06:56	23:09:08	23:10:24	23:11:41	23:12:54	23:14:31	
134150_6	38	0	22:21:30	22:23:09	22:24:35	22:26:17	22:27:31	22:28:40	22:30:23	22:31:50	22:33:13	22:34:18	22:36:10	22:38:01	22:39:51	22:41:23	22:42:42	22:44:15	22:45:25	22:46:58	22:49:52	22:51:57	22:53:09	22:54:27	22:55:56	22:57:37	22:59:09	23:00:38	23:02:08	23:03:38	23:05:41	23:08:02	23:09:16	23:10:26	23:12:04	23:14:07	23:15:25	23:16:36	23:17:12	23:19:18	
135150_6	38	0	22:31:30	22:33:37	22:35:16	22:37:07	22:38:27	22:39:45	22:41:30	22:43:02	22:44:29	22:45:41	22:47:29	22:49:23	22:51:17	22:53:01	22:54:38	22:56:17	22:57:33	22:59:09	23:02:06	23:04:03	23:05:23	23:06:49	23:08:18	23:10:01	23:11:37	23:13:22	23:14:53	23:16:35	23:18:39	23:20:56	23:22:10	23:23:27	23:25:10	23:27:28	23:28:54	23:30:14	23:30:57	23:32:46	
136150_6	38	0	22:41:30	22:43:07	22:44:33	22:46:18	22:47:30	22:48:41	22:50:16	22:51:41	22:52:59	22:54:02	22:55:48	22:57:40	22:59:27	23:01:02	23:02:30	23:04:03	23:05:10	23:06:38	23:09:25	23:11:29	23:12:46	23:14:05	23:15:34	23:17:16	23:18:46	23:20:16	23:21:49	23:23:41	23:25:41	23:27:52	23:28:59	23:30:03	23:31:43	23:33:45	23:35:03	23:36:14	23:36:50	23:38:35	
137150_6	38	0	22:51:30	22:53:23	22:55:04	22:57:18	22:58:38	22:59:54	23:01:46	23:03:26	23:04:52	23:06:02	23:08:05	23:10:11	23:12:12	23:13:51	23:15:29	23:17:10	23:18:22	23:19:51	23:22:57	23:25:05	23:26:27	23:27:48	23:29:16	23:31:01	23:32:42	23:34:20	23:35:49	23:37:27	23:39:26	23:41:44	23:42:54	23:44:09	23:45:49	23:48:02	23:49:17	23:50:31	23:51:10	23:52:52	
138150_6	38	0	23:01:30	23:04:22	23:05:41	23:07:33	23:08:50	23:10:02	23:11:40	23:13:05	23:14:30	23:15:36	23:17:17	23:19:10	23:21:02	23:22:36	23:23:57	23:25:33	23:26:44	23:28:15	23:31:05	23:33:08	23:34:22	23:35:41	23:37:05	23:39:40	23:41:20	23:42:55	23:44:33	23:46:08	23:48:01	23:50:30	23:51:35	23:52:49	23:54:22	23:56:27	23:57:44	23:58:58	00:00:42	00:07:42	
139150_6	38	0	23:11:30	23:12:45	23:14:08	23:16:01	23:17:12	23:18:20	23:19:58	23:21:19	23:22:37	23:23:48	23:25:35	23:27:18	23:29:34	23:31:09	23:32:29	23:34:06	23:35:16	23:36:47	23:39:33	23:41:42	23:42:59	23:44:14	23:45:39	23:47:17	23:48:37	23:50:04	23:51:29	23:53:48	23:56:00	23:58:14	23:59:16	00:00:16	00:01:46	00:03:16	00:04:46	00:05:46	00:07:16	00:15:16	
140150_6	38	0	23:21:30	23:25:18	23:26:43	23:28:30	23:29:47	23:31:02	23:32:47	23:34:17	23:35:46	23:36:57	23:38:39	23:40:44	23:42:29	23:44:05	23:45:29	23:47:05	23:48:17	23:49:48	23:52:33	23:54:58	23:56:16	23:57:39	23:59:07	00:01:07	00:02:37	00:04:37	00:06:07	00:07:37	00:09:37	00:11:37	00:12:37	00:13:37	00:15:07	00:16:37	00:18:07	00:19:07	00:20:37	00:28:37	
141150_6	38	0	23:31:30	23:33:35	23:35:06	23:37:08	23:38:32	23:39:48	23:41:43	23:43:22	23:44:51	23:46:05	23:48:09	23:50:36	23:52:49	23:54:36	23:56:12	23:57:57	23:59:14	00:00:44	00:03:44	00:05:14	00:06:44	00:07:44	00:09:14	00:11:14	00:12:44	00:14:44	00:16:14	00:17:44	00:19:44	00:21:44	00:22:44	00:23:44	00:25:14	00:26:44	00:28:14	00:29:14	00:30:44	00:38:44	
142150_6	38	0	23:41:30	23:42:16	23:43:41	23:45:29	23:46:40	23:47:44	23:49:21	23:50:42	23:51:56	23:52:56	23:54:36	23:56:30	23:59:25	00:01:25	00:02:25	00:04:25	00:05:25	00:06:55	00:09:55	00:11:25	00:12:55	00:13:55	00:15:25	00:17:25	00:18:55	00:20:55	00:22:25	00:23:55	00:25:55	00:27:55	00:28:55	00:29:55	00:31:25	00:32:55	00:34:25	00:35:25	00:36:55	00:44:55	
143250_6	38	0	23:52:30	23:54:10	23:56:34	23:58:28	23:59:42	00:00:42	00:02:12	00:03:42	00:05:12	00:06:12	00:07:42	00:09:42	00:11:12	00:13:12	00:14:12	00:16:12	00:17:12	00:18:42	00:21:42	00:23:12	00:24:42	00:25:42	00:27:12	00:29:12	00:30:42	00:32:42	00:34:12	00:35:42	00:37:42	00:39:42	00:40:42	00:41:42	00:43:12	00:44:42	00:46:12	00:47:12	00:48:42	00:56:42	
000700_6	38	0	00:07:00	00:09:30	00:11:00	00:12:30	00:13:30	00:14:30	00:16:30	00:18:00	00:19:30	00:20:30	00:22:00	00:24:00	00:25:30	00:27:30	00:28:30	00:30:30	00:31:30	00:33:00	00:36:00	00:37:30	00:39:00	00:40:00	00:41:30	00:43:30	00:45:00	00:47:00	00:48:30	00:50:00	00:52:00	00:54:00	00:55:00	00:56:00	00:57:30	00:59:00	01:00:30	01:01:30	01:03:00	01:11:00	
002200_6	38	0	00:22:00	00:24:30	00:26:00	00:27:30	00:28:30	00:29:30	00:31:30	00:33:00	00:34:30	00:35:30	00:37:00	00:39:00	00:40:30	00:42:30	00:43:30	00:45:30	00:46:30	00:48:00	00:51:00	00:52:30	00:54:00	00:55:00	00:56:30	00:58:30	01:00:00	01:02:00	01:03:30	01:05:00	01:07:00	01:09:00	01:10:00	01:11:00	01:12:30	01:14:00	01:15:30	01:16:30	01:18:00	01:26:00	
