hour_route_key,weekday,date,count
00 2 N,false,2017-07-01,4
00 2 S,false,2017-07-01,3
01 2 N,false,2017-07-01,3
00 5 N,false,2017-07-01,1
01 4 N,false,2017-07-01,3
00 4 N,false,2017-07-01,4
00 4 S,false,2017-07-01,3
00 6 N,false,2017-07-01,2
23 6 S,false,2017-07-01,6
00 6 S,false,2017-07-01,3
01 6 S,false,2017-07-01,2
01 6 N,false,2017-07-01,4
01 4 S,false,2017-07-01,3
01 2 S,false,2017-07-01,3
02 4 N,false,2017-07-01,5
02 6 S,false,2017-07-01,3
02 2 N,false,2017-07-01,3
02 6 N,false,2017-07-01,3
02 2 S,false,2017-07-01,3
02 4 S,false,2017-07-01,3
03 6 S,false,2017-07-01,3
03 4 N,false,2017-07-01,2
03 2 N,false,2017-07-01,3
03 6 N,false,2017-07-01,3
03 4 S,false,2017-07-01,3
03 2 S,false,2017-07-01,3
04 4 N,false,2017-07-01,3
04 6 S,false,2017-07-01,3
04 2 N,false,2017-07-01,3
04 4 S,false,2017-07-01,3
04 6 N,false,2017-07-01,3
04 2 S,false,2017-07-01,3
05 4 N,false,2017-07-01,3
05 6 S,false,2017-07-01,3
05 2 N,false,2017-07-01,3
05 6 N,false,2017-07-01,3
05 4 S,false,2017-07-01,3
05 2 S,false,2017-07-01,3
06 4 N,false,2017-07-01,4
06 6 S,false,2017-07-01,7
06 2 N,false,2017-07-01,3
06 4 S,false,2017-07-01,6
06 6 N,false,2017-07-01,4
06 2 S,false,2017-07-01,5
07 4 N,false,2017-07-01,5
07 2 N,false,2017-07-01,5
07 6 S,false,2017-07-01,7
07 4 S,false,2017-07-01,6
07 6 N,false,2017-07-01,7
07 2 S,false,2017-07-01,6
08 4 N,false,2017-07-01,7
08 2 N,false,2017-07-01,5
08 6 S,false,2017-07-01,6
08 4 S,false,2017-07-01,9
08 6 N,false,2017-07-01,8
08 2 S,false,2017-07-01,5
09 6 S,false,2017-07-01,8
09 2 N,false,2017-07-01,5
09 4 N,false,2017-07-01,7
09 4 S,false,2017-07-01,6
09 6 N,false,2017-07-01,7
09 2 S,false,2017-07-01,5
10 4 N,false,2017-07-01,8
10 6 S,false,2017-07-01,7
10 2 N,false,2017-07-01,6
10 4 S,false,2017-07-01,6
10 6 N,false,2017-07-01,7
10 2 S,false,2017-07-01,6
11 4 N,false,2017-07-01,5
11 6 S,false,2017-07-01,6
11 2 N,false,2017-07-01,5
11 4 S,false,2017-07-01,6
11 6 N,false,2017-07-01,5
12 4 N,false,2017-07-01,7
12 6 S,false,2017-07-01,8
11 2 S,false,2017-07-01,4
12 2 N,false,2017-07-01,4
12 4 S,false,2017-07-01,7
12 2 S,false,2017-07-01,5
12 6 N,false,2017-07-01,9
13 4 N,false,2017-07-01,8
13 6 S,false,2017-07-01,6
13 2 N,false,2017-07-01,5
13 4 S,false,2017-07-01,8
13 6 N,false,2017-07-01,7
13 2 S,false,2017-07-01,5
14 4 N,false,2017-07-01,6
14 6 S,false,2017-07-01,8
14 2 N,false,2017-07-01,6
14 4 S,false,2017-07-01,7
14 6 N,false,2017-07-01,5
14 2 S,false,2017-07-01,5
15 4 N,false,2017-07-01,8
15 6 S,false,2017-07-01,6
15 2 N,false,2017-07-01,4
15 4 S,false,2017-07-01,5
15 6 N,false,2017-07-01,6
15 2 S,false,2017-07-01,4
16 4 N,false,2017-07-01,8
16 6 S,false,2017-07-01,7
16 2 N,false,2017-07-01,6
16 4 S,false,2017-07-01,9
16 6 N,false,2017-07-01,8
17 6 S,false,2017-07-01,8
17 4 N,false,2017-07-01,4
16 2 S,false,2017-07-01,6
17 2 N,false,2017-07-01,5
17 4 S,false,2017-07-01,7
17 6 N,false,2017-07-01,7
17 2 S,false,2017-07-01,5
18 4 N,false,2017-07-01,10
18 6 S,false,2017-07-01,7
18 2 N,false,2017-07-01,5
18 4 S,false,2017-07-01,5
18 6 N,false,2017-07-01,7
18 2 S,false,2017-07-01,5
19 4 N,false,2017-07-01,6
19 6 S,false,2017-07-01,7
19 2 N,false,2017-07-01,5
19 4 S,false,2017-07-01,8
19 6 N,false,2017-07-01,8
19 2 S,false,2017-07-01,5
20 4 N,false,2017-07-01,4
20 6 S,false,2017-07-01,6
20 2 N,false,2017-07-01,5
20 4 S,false,2017-07-01,7
20 6 N,false,2017-07-01,6
20 2 S,false,2017-07-01,5
21 4 N,false,2017-07-01,6
21 6 S,false,2017-07-01,7
21 2 N,false,2017-07-01,6
21 4 S,false,2017-07-01,6
21 6 N,false,2017-07-01,7
22 4 N,false,2017-07-01,9
22 6 S,false,2017-07-01,7
21 2 S,false,2017-07-01,4
22 2 N,false,2017-07-01,4
22 4 S,false,2017-07-01,4
22 6 N,false,2017-07-01,6
22 2 S,false,2017-07-01,4
23 4 N,false,2017-07-01,4
23 2 N,false,2017-07-01,5
23 6 N,false,2017-07-01,8
23 2 S,false,2017-07-01,4
23 4 S,false,2017-07-01,4
00 2 N,false,2017-07-02,5
00 2 S,false,2017-07-02,3
01 2 N,false,2017-07-02,3
23 2 S,false,2017-07-02,1
00 4 S,false,2017-07-02,3
01 4 N,false,2017-07-02,4
00 4 N,false,2017-07-02,5
00 6 N,false,2017-07-02,4
00 6 S,false,2017-07-02,4
01 6 S,false,2017-07-02,3
01 6 N,false,2017-07-02,3
01 2 S,false,2017-07-02,3
02 4 N,false,2017-07-02,3
01 4 S,false,2017-07-02,2
02 6 S,false,2017-07-02,3
02 2 N,false,2017-07-02,3
02 6 N,false,2017-07-02,3
02 2 S,false,2017-07-02,3
02 4 S,false,2017-07-02,3
03 4 N,false,2017-07-02,2
03 6 S,false,2017-07-02,3
03 2 N,false,2017-07-02,2
03 6 N,false,2017-07-02,3
03 2 S,false,2017-07-02,3
03 4 S,false,2017-07-02,3
04 2 N,false,2017-07-02,4
04 4 N,false,2017-07-02,3
04 6 S,false,2017-07-02,3
04 6 N,false,2017-07-02,3
04 4 S,false,2017-07-02,3
04 2 S,false,2017-07-02,3
05 4 N,false,2017-07-02,3
05 6 S,false,2017-07-02,3
05 2 N,false,2017-07-02,3
05 6 N,false,2017-07-02,3
05 4 S,false,2017-07-02,3
05 2 S,false,2017-07-02,3
06 4 N,false,2017-07-02,3
06 6 S,false,2017-07-02,4
06 2 N,false,2017-07-02,3
06 6 N,false,2017-07-02,4
06 2 S,false,2017-07-02,4
06 4 S,false,2017-07-02,4
07 4 N,false,2017-07-02,4
07 6 S,false,2017-07-02,4
07 2 N,false,2017-07-02,5
07 2 S,false,2017-07-02,5
07 4 S,false,2017-07-02,4
07 6 N,false,2017-07-02,4
08 4 N,false,2017-07-02,4
08 6 S,false,2017-07-02,6
08 2 N,false,2017-07-02,3
08 4 S,false,2017-07-02,4
08 6 N,false,2017-07-02,4
08 2 S,false,2017-07-02,5
09 4 N,false,2017-07-02,6
09 2 N,false,2017-07-02,4
09 6 S,false,2017-07-02,6
09 4 S,false,2017-07-02,6
09 6 N,false,2017-07-02,6
09 2 S,false,2017-07-02,4
10 6 S,false,2017-07-02,7
10 2 N,false,2017-07-02,6
10 4 N,false,2017-07-02,5
10 4 S,false,2017-07-02,6
10 6 N,false,2017-07-02,7
10 2 S,false,2017-07-02,6
11 6 S,false,2017-07-02,8
11 4 N,false,2017-07-02,7
11 2 N,false,2017-07-02,4
11 4 S,false,2017-07-02,8
11 6 N,false,2017-07-02,7
11 2 S,false,2017-07-02,5
12 4 N,false,2017-07-02,6
12 6 S,false,2017-07-02,7
12 2 N,false,2017-07-02,6
12 4 S,false,2017-07-02,8
12 6 N,false,2017-07-02,8
12 2 S,false,2017-07-02,6
13 4 N,false,2017-07-02,9
13 6 S,false,2017-07-02,8
13 2 N,false,2017-07-02,5
13 4 S,false,2017-07-02,5
13 6 N,false,2017-07-02,7
13 2 S,false,2017-07-02,5
14 4 N,false,2017-07-02,6
14 2 N,false,2017-07-02,4
14 6 S,false,2017-07-02,4
14 4 S,false,2017-07-02,8
14 6 N,false,2017-07-02,5
14 2 S,false,2017-07-02,3
17 4 S,true,2017-07-03,10
17 4 N,true,2017-07-03,7
18 4 S,true,2017-07-03,9
18 4 N,true,2017-07-03,7
17 5 S,true,2017-07-03,5
17 5 N,true,2017-07-03,5
18 5 S,true,2017-07-03,6
18 5 N,true,2017-07-03,8
17 6 S,true,2017-07-03,10
17 6 N,true,2017-07-03,10
18 6 S,true,2017-07-03,14
18 6 N,true,2017-07-03,16
19 6 S,true,2017-07-03,11
19 5 S,true,2017-07-03,8
19 5 N,true,2017-07-03,9
18 0 N,true,2017-07-03,1
19 4 S,true,2017-07-03,9
19 4 N,true,2017-07-03,9
19 6 N,true,2017-07-03,14
20 6 S,true,2017-07-03,10
20 5 S,true,2017-07-03,5
20 4 S,true,2017-07-03,9
20 5 N,true,2017-07-03,6
20 4 N,true,2017-07-03,10
20 6 N,true,2017-07-03,8
21 6 S,true,2017-07-03,8
21 5 N,true,2017-07-03,8
21 5 S,true,2017-07-03,5
21 4 N,true,2017-07-03,10
21 4 S,true,2017-07-03,6
21 6 N,true,2017-07-03,13
22 6 S,true,2017-07-03,5
22 4 N,true,2017-07-03,6
22 4 S,true,2017-07-03,7
22 5 S,true,2017-07-03,6
22 6 N,true,2017-07-03,4
22 5 N,true,2017-07-03,5
23 6 S,true,2017-07-03,7
23 4 S,true,2017-07-03,9
23 4 N,true,2017-07-03,6
23 6 N,true,2017-07-03,7
23 5 N,true,2017-07-03,6
23 5 S,true,2017-07-03,3
00 2 S,false,2017-07-04,5
00 2 N,false,2017-07-04,4
00 4 N,false,2017-07-04,4
00 4 S,false,2017-07-04,3
01 4 N,false,2017-07-04,4
00 5 N,false,2017-07-04,1
00 6 N,false,2017-07-04,3
00 6 S,false,2017-07-04,3
01 4 S,false,2017-07-04,3
01 6 S,false,2017-07-04,2
01 6 N,false,2017-07-04,4
01 2 N,false,2017-07-04,3
01 2 S,false,2017-07-04,1
02 4 N,false,2017-07-04,3
02 6 S,false,2017-07-04,3
02 4 S,false,2017-07-04,3
02 2 N,false,2017-07-04,3
02 6 N,false,2017-07-04,3
01 5 S,false,2017-07-04,1
03 4 N,false,2017-07-04,3
03 6 S,false,2017-07-04,3
02 5 S,false,2017-07-04,4
03 2 N,false,2017-07-04,3
03 4 S,false,2017-07-04,3
03 6 N,false,2017-07-04,3
04 4 N,false,2017-07-04,3
04 6 S,false,2017-07-04,3
03 2 S,false,2017-07-04,1
04 2 N,false,2017-07-04,2
03 5 S,false,2017-07-04,2
04 4 S,false,2017-07-04,3
04 6 N,false,2017-07-04,3
05 4 N,false,2017-07-04,3
04 5 S,false,2017-07-04,3
04 2 S,false,2017-07-04,1
05 6 S,false,2017-07-04,4
05 4 S,false,2017-07-04,3
05 2 N,false,2017-07-04,3
05 2 S,false,2017-07-04,2
05 6 N,false,2017-07-04,3
04 5 N,false,2017-07-04,1
06 4 N,false,2017-07-04,5
06 2 S,false,2017-07-04,5
06 2 N,false,2017-07-04,3
06 4 S,false,2017-07-04,6
06 6 S,false,2017-07-04,5
06 6 N,false,2017-07-04,4
07 2 S,false,2017-07-04,5
07 6 S,false,2017-07-04,8
07 4 S,false,2017-07-04,8
07 2 N,false,2017-07-04,5
07 4 N,false,2017-07-04,5
07 6 N,false,2017-07-04,7
08 2 S,false,2017-07-04,5
08 2 N,false,2017-07-04,5
08 4 N,false,2017-07-04,8
08 6 S,false,2017-07-04,8
08 4 S,false,2017-07-04,7
08 6 N,false,2017-07-04,8
09 2 S,false,2017-07-04,4
09 2 N,false,2017-07-04,6
09 4 N,false,2017-07-04,7
09 6 S,false,2017-07-04,5
09 4 S,false,2017-07-04,7
09 6 N,false,2017-07-04,7
10 6 S,false,2017-07-04,10
10 4 N,false,2017-07-04,7
10 2 S,false,2017-07-04,4
10 4 S,false,2017-07-04,7
10 2 N,false,2017-07-04,4
10 6 N,false,2017-07-04,6
11 4 N,false,2017-07-04,8
11 2 S,false,2017-07-04,5
11 2 N,false,2017-07-04,5
11 6 S,false,2017-07-04,7
11 4 S,false,2017-07-04,7
11 6 N,false,2017-07-04,9
12 2 S,false,2017-07-04,5
12 2 N,false,2017-07-04,5
12 4 S,false,2017-07-04,8
12 4 N,false,2017-07-04,6
12 6 S,false,2017-07-04,7
12 6 N,false,2017-07-04,6
13 4 N,false,2017-07-04,8
13 2 S,false,2017-07-04,5
13 2 N,false,2017-07-04,5
13 6 S,false,2017-07-04,7
13 4 S,false,2017-07-04,7
13 6 N,false,2017-07-04,8
14 2 S,false,2017-07-04,5
14 4 N,false,2017-07-04,7
14 6 S,false,2017-07-04,7
14 2 N,false,2017-07-04,5
14 4 S,false,2017-07-04,7
14 6 N,false,2017-07-04,7
15 6 S,false,2017-07-04,8
15 2 S,false,2017-07-04,5
15 2 N,false,2017-07-04,4
15 4 N,false,2017-07-04,6
15 4 S,false,2017-07-04,7
15 6 N,false,2017-07-04,8
16 2 S,false,2017-07-04,5
16 6 S,false,2017-07-04,7
16 2 N,false,2017-07-04,6
16 4 S,false,2017-07-04,10
16 4 N,false,2017-07-04,7
16 6 N,false,2017-07-04,8
17 6 S,false,2017-07-04,5
17 2 N,false,2017-07-04,5
17 4 N,false,2017-07-04,7
17 2 S,false,2017-07-04,3
17 4 S,false,2017-07-04,7
17 6 N,false,2017-07-04,6
18 2 S,false,2017-07-04,4
18 4 N,false,2017-07-04,7
18 6 S,false,2017-07-04,7
18 2 N,false,2017-07-04,4
18 4 S,false,2017-07-04,8
18 6 N,false,2017-07-04,7
19 2 S,false,2017-07-04,5
19 6 S,false,2017-07-04,8
19 2 N,false,2017-07-04,5
19 4 S,false,2017-07-04,6
19 4 N,false,2017-07-04,6
19 6 N,false,2017-07-04,8
20 2 S,false,2017-07-04,5
20 4 N,false,2017-07-04,6
20 6 S,false,2017-07-04,7
20 2 N,false,2017-07-04,5
20 4 S,false,2017-07-04,5
20 6 N,false,2017-07-04,7
21 2 S,false,2017-07-04,5
21 4 N,false,2017-07-04,5
21 6 S,false,2017-07-04,8
21 2 N,false,2017-07-04,6
21 4 S,false,2017-07-04,5
21 6 N,false,2017-07-04,8
22 2 S,false,2017-07-04,5
22 4 N,false,2017-07-04,4
22 6 S,false,2017-07-04,8
22 2 N,false,2017-07-04,4
22 4 S,false,2017-07-04,5
22 6 N,false,2017-07-04,7
23 4 N,false,2017-07-04,5
23 2 S,false,2017-07-04,4
23 6 S,false,2017-07-04,6
23 2 N,false,2017-07-04,3
23 4 S,false,2017-07-04,5
23 6 N,false,2017-07-04,5
23 5 N,false,2017-07-04,1
00 2 S,true,2017-07-05,4
00 2 N,true,2017-07-05,4
01 2 N,true,2017-07-05,4
01 2 S,true,2017-07-05,3
01 4 N,true,2017-07-05,5
00 4 S,true,2017-07-05,3
00 4 N,true,2017-07-05,4
00 6 N,true,2017-07-05,7
00 6 S,true,2017-07-05,5
01 6 S,true,2017-07-05,3
01 4 S,true,2017-07-05,3
01 6 N,true,2017-07-05,3
02 4 N,true,2017-07-05,3
02 2 S,true,2017-07-05,2
02 6 S,true,2017-07-05,3
02 2 N,true,2017-07-05,4
02 4 S,true,2017-07-05,2
02 6 N,true,2017-07-05,3
03 4 N,true,2017-07-05,3
03 4 S,true,2017-07-05,3
03 6 S,true,2017-07-05,3
03 2 N,true,2017-07-05,3
03 6 N,true,2017-07-05,3
04 4 N,true,2017-07-05,4
03 5 S,true,2017-07-05,4
04 2 S,true,2017-07-05,2
04 6 S,true,2017-07-05,3
04 2 N,true,2017-07-05,3
04 4 S,true,2017-07-05,5
04 6 N,true,2017-07-05,3
05 6 S,true,2017-07-05,5
05 4 N,true,2017-07-05,4
05 4 S,true,2017-07-05,4
05 6 N,true,2017-07-05,3
05 5 S,true,2017-07-05,1
06 5 S,true,2017-07-05,8
06 6 S,true,2017-07-05,7
06 4 S,true,2017-07-05,7
06 4 N,true,2017-07-05,5
06 6 N,true,2017-07-05,5
06 5 N,true,2017-07-05,3
07 5 S,true,2017-07-05,6
07 6 S,true,2017-07-05,12
07 4 S,true,2017-07-05,10
07 5 N,true,2017-07-05,4
07 4 N,true,2017-07-05,6
07 6 N,true,2017-07-05,10
08 5 S,true,2017-07-05,7
08 6 S,true,2017-07-05,22
08 4 S,true,2017-07-05,9
08 5 N,true,2017-07-05,8
08 4 N,true,2017-07-05,11
09 5 S,true,2017-07-05,8
08 6 N,true,2017-07-05,12
09 4 S,true,2017-07-05,9
09 6 S,true,2017-07-05,14
09 5 N,true,2017-07-05,8
09 4 N,true,2017-07-05,8
09 6 N,true,2017-07-05,16
10 5 N,true,2017-07-05,10
10 5 S,true,2017-07-05,6
10 4 S,true,2017-07-05,8
10 4 N,true,2017-07-05,11
10 6 S,true,2017-07-05,14
10 6 N,true,2017-07-05,16
11 5 S,true,2017-07-05,6
11 5 N,true,2017-07-05,6
11 6 S,true,2017-07-05,13
11 4 S,true,2017-07-05,6
11 4 N,true,2017-07-05,9
11 6 N,true,2017-07-05,16
12 5 S,true,2017-07-05,8
12 4 S,true,2017-07-05,7
12 5 N,true,2017-07-05,6
12 6 S,true,2017-07-05,14
12 4 N,true,2017-07-05,5
12 6 N,true,2017-07-05,12
13 5 S,true,2017-07-05,7
13 6 S,true,2017-07-05,12
13 4 S,true,2017-07-05,8
13 5 N,true,2017-07-05,6
13 4 N,true,2017-07-05,6
14 5 N,true,2017-07-05,6
14 5 S,true,2017-07-05,8
13 6 N,true,2017-07-05,13
14 4 N,true,2017-07-05,6
14 4 S,true,2017-07-05,7
14 6 S,true,2017-07-05,15
14 6 N,true,2017-07-05,13
15 6 S,true,2017-07-05,13
15 5 S,true,2017-07-05,9
15 5 N,true,2017-07-05,8
15 4 S,true,2017-07-05,7
15 4 N,true,2017-07-05,8
15 6 N,true,2017-07-05,15
16 5 S,true,2017-07-05,11
16 6 S,true,2017-07-05,19
16 4 S,true,2017-07-05,13
16 5 N,true,2017-07-05,9
16 4 N,true,2017-07-05,8
15 2 S,true,2017-07-05,1
16 6 N,true,2017-07-05,14
17 6 S,true,2017-07-05,19
17 5 S,true,2017-07-05,7
17 4 S,true,2017-07-05,12
17 5 N,true,2017-07-05,11
17 4 N,true,2017-07-05,9
17 6 N,true,2017-07-05,21
18 6 S,true,2017-07-05,14
18 5 S,true,2017-07-05,6
18 5 N,true,2017-07-05,8
18 4 N,true,2017-07-05,13
18 4 S,true,2017-07-05,9
18 6 N,true,2017-07-05,16
19 6 S,true,2017-07-05,14
19 5 S,true,2017-07-05,7
19 4 S,true,2017-07-05,9
19 5 N,true,2017-07-05,6
19 4 N,true,2017-07-05,10
19 6 N,true,2017-07-05,15
20 5 S,true,2017-07-05,6
20 6 S,true,2017-07-05,11
20 4 S,true,2017-07-05,8
20 5 N,true,2017-07-05,7
20 4 N,true,2017-07-05,10
20 6 N,true,2017-07-05,13
21 6 S,true,2017-07-05,11
21 5 S,true,2017-07-05,6
21 4 S,true,2017-07-05,7
21 5 N,true,2017-07-05,8
21 4 N,true,2017-07-05,8
21 6 N,true,2017-07-05,10
22 5 S,true,2017-07-05,5
22 4 S,true,2017-07-05,5
22 4 N,true,2017-07-05,6
22 6 S,true,2017-07-05,7
22 5 N,true,2017-07-05,6
22 6 N,true,2017-07-05,9
23 6 S,true,2017-07-05,4
23 4 S,true,2017-07-05,5
23 4 N,true,2017-07-05,5
23 6 N,true,2017-07-05,7
23 5 N,true,2017-07-05,2
00 6 S,true,2017-07-06,1
23 6 S,true,2017-07-06,4
01 4 S,true,2017-07-06,2
01 4 N,true,2017-07-06,3
01 6 S,true,2017-07-06,4
00 6 N,true,2017-07-06,1
01 6 N,true,2017-07-06,2
02 4 N,true,2017-07-06,3
02 4 S,true,2017-07-06,2
02 6 S,true,2017-07-06,3
02 6 N,true,2017-07-06,4
03 4 N,true,2017-07-06,3
03 4 S,true,2017-07-06,4
03 6 S,true,2017-07-06,4
03 6 N,true,2017-07-06,4
04 4 N,true,2017-07-06,4
04 4 S,true,2017-07-06,3
04 6 S,true,2017-07-06,3
04 6 N,true,2017-07-06,3
05 4 S,true,2017-07-06,5
05 4 N,true,2017-07-06,4
05 6 S,true,2017-07-06,6
05 6 N,true,2017-07-06,4
05 5 S,true,2017-07-06,1
06 5 S,true,2017-07-06,6
06 6 S,true,2017-07-06,9
06 4 S,true,2017-07-06,9
06 4 N,true,2017-07-06,5
06 5 N,true,2017-07-06,3
06 6 N,true,2017-07-06,5
07 5 S,true,2017-07-06,11
07 4 N,true,2017-07-06,9
07 6 S,true,2017-07-06,12
07 4 S,true,2017-07-06,11
07 5 N,true,2017-07-06,5
08 5 S,true,2017-07-06,12
07 6 N,true,2017-07-06,13
08 4 S,true,2017-07-06,13
08 6 S,true,2017-07-06,22
08 5 N,true,2017-07-06,9
08 4 N,true,2017-07-06,11
08 6 N,true,2017-07-06,13
09 5 S,true,2017-07-06,10
09 4 S,true,2017-07-06,13
09 5 N,true,2017-07-06,12
09 4 N,true,2017-07-06,12
09 6 S,true,2017-07-06,16
09 6 N,true,2017-07-06,20
10 5 N,true,2017-07-06,8
10 5 S,true,2017-07-06,6
10 6 S,true,2017-07-06,14
10 4 S,true,2017-07-06,8
10 4 N,true,2017-07-06,7
10 6 N,true,2017-07-06,15
11 5 N,true,2017-07-06,8
11 4 N,true,2017-07-06,12
11 5 S,true,2017-07-06,8
11 6 S,true,2017-07-06,15
11 4 S,true,2017-07-06,6
11 6 N,true,2017-07-06,14
12 5 S,true,2017-07-06,5
12 6 S,true,2017-07-06,14
12 4 S,true,2017-07-06,7
12 5 N,true,2017-07-06,7
12 4 N,true,2017-07-06,8
12 6 N,true,2017-07-06,14
13 5 S,true,2017-07-06,8
13 6 S,true,2017-07-06,16
13 4 S,true,2017-07-06,8
13 5 N,true,2017-07-06,8
13 4 N,true,2017-07-06,7
14 5 S,true,2017-07-06,8
13 6 N,true,2017-07-06,15
14 6 S,true,2017-07-06,14
14 4 S,true,2017-07-06,8
14 5 N,true,2017-07-06,5
14 4 N,true,2017-07-06,7
14 6 N,true,2017-07-06,16
15 5 S,true,2017-07-06,9
15 5 N,true,2017-07-06,8
15 6 S,true,2017-07-06,14
15 4 S,true,2017-07-06,7
15 4 N,true,2017-07-06,8
16 4 N,true,2017-07-06,10
15 6 N,true,2017-07-06,14
16 5 S,true,2017-07-06,12
16 6 S,true,2017-07-06,19
16 4 S,true,2017-07-06,13
16 5 N,true,2017-07-06,8
16 6 N,true,2017-07-06,15
17 5 S,true,2017-07-06,9
17 5 N,true,2017-07-06,9
17 6 S,true,2017-07-06,19
17 4 S,true,2017-07-06,14
17 4 N,true,2017-07-06,10
17 6 N,true,2017-07-06,22
18 6 S,true,2017-07-06,13
18 5 S,true,2017-07-06,7
18 5 N,true,2017-07-06,12
18 4 N,true,2017-07-06,10
18 4 S,true,2017-07-06,7
18 6 N,true,2017-07-06,15
19 6 S,true,2017-07-06,13
19 4 S,true,2017-07-06,10
19 5 N,true,2017-07-06,5
19 4 N,true,2017-07-06,9
19 5 S,true,2017-07-06,5
19 6 N,true,2017-07-06,9
20 6 S,true,2017-07-06,6
18 0 N,true,2017-07-06,1
20 5 N,true,2017-07-06,2
20 4 N,true,2017-07-06,6
20 5 S,true,2017-07-06,2
20 4 S,true,2017-07-06,5
20 6 N,true,2017-07-06,10
19 0 N,true,2017-07-06,1
21 6 S,true,2017-07-06,5
21 4 S,true,2017-07-06,4
21 4 N,true,2017-07-06,9
21 5 N,true,2017-07-06,4
21 6 N,true,2017-07-06,9
21 5 S,true,2017-07-06,3
22 4 S,true,2017-07-06,5
22 5 S,true,2017-07-06,4
22 5 N,true,2017-07-06,4
22 4 N,true,2017-07-06,6
22 6 S,true,2017-07-06,9
22 6 N,true,2017-07-06,8
23 4 S,true,2017-07-06,5
23 4 N,true,2017-07-06,3
23 5 N,true,2017-07-06,3
23 6 N,true,2017-07-06,7
00 6 N,true,2017-07-07,5
00 6 S,true,2017-07-07,3
00 4 S,true,2017-07-07,1
17 4 N,true,2017-07-07,11
00 4 N,true,2017-07-07,1
23 6 S,true,2017-07-07,6
01 4 S,true,2017-07-07,3
01 4 N,true,2017-07-07,2
01 6 S,true,2017-07-07,4
01 6 N,true,2017-07-07,3
02 4 N,true,2017-07-07,3
02 4 S,true,2017-07-07,3
02 6 S,true,2017-07-07,3
02 6 N,true,2017-07-07,3
03 4 N,true,2017-07-07,3
03 4 S,true,2017-07-07,3
03 6 S,true,2017-07-07,3
03 6 N,true,2017-07-07,3
04 4 N,true,2017-07-07,3
04 4 S,true,2017-07-07,3
04 6 S,true,2017-07-07,3
04 6 N,true,2017-07-07,3
05 4 N,true,2017-07-07,5
05 4 S,true,2017-07-07,5
05 6 S,true,2017-07-07,6
05 6 N,true,2017-07-07,4
05 5 S,true,2017-07-07,2
06 4 S,true,2017-07-07,8
06 5 S,true,2017-07-07,7
06 6 S,true,2017-07-07,9
06 4 N,true,2017-07-07,5
06 5 N,true,2017-07-07,3
06 6 N,true,2017-07-07,7
07 5 S,true,2017-07-07,8
07 4 N,true,2017-07-07,8
07 4 S,true,2017-07-07,11
07 6 S,true,2017-07-07,12
07 5 N,true,2017-07-07,6
07 6 N,true,2017-07-07,11
08 5 S,true,2017-07-07,12
08 4 S,true,2017-07-07,14
08 6 S,true,2017-07-07,20
08 4 N,true,2017-07-07,12
08 5 N,true,2017-07-07,8
08 6 N,true,2017-07-07,14
09 5 S,true,2017-07-07,10
09 4 S,true,2017-07-07,12
09 6 S,true,2017-07-07,17
09 5 N,true,2017-07-07,12
09 6 N,true,2017-07-07,23
09 4 N,true,2017-07-07,10
10 5 N,true,2017-07-07,11
10 5 S,true,2017-07-07,7
10 6 S,true,2017-07-07,14
10 4 S,true,2017-07-07,8
10 4 N,true,2017-07-07,10
10 6 N,true,2017-07-07,14
11 5 S,true,2017-07-07,7
11 6 S,true,2017-07-07,15
11 4 N,true,2017-07-07,11
11 4 S,true,2017-07-07,7
11 5 N,true,2017-07-07,6
11 6 N,true,2017-07-07,16
12 5 S,true,2017-07-07,7
12 4 S,true,2017-07-07,8
12 5 N,true,2017-07-07,8
12 6 S,true,2017-07-07,14
12 4 N,true,2017-07-07,7
12 6 N,true,2017-07-07,15
13 5 S,true,2017-07-07,7
13 6 S,true,2017-07-07,14
13 4 S,true,2017-07-07,7
13 4 N,true,2017-07-07,7
13 5 N,true,2017-07-07,6
13 6 N,true,2017-07-07,12
14 5 S,true,2017-07-07,9
14 6 S,true,2017-07-07,16
14 5 N,true,2017-07-07,8
14 4 S,true,2017-07-07,7
14 4 N,true,2017-07-07,7
14 6 N,true,2017-07-07,17
15 4 S,true,2017-07-07,10
15 6 S,true,2017-07-07,14
15 5 S,true,2017-07-07,9
15 4 N,true,2017-07-07,8
15 5 N,true,2017-07-07,6
16 4 N,true,2017-07-07,10
15 6 N,true,2017-07-07,14
16 5 S,true,2017-07-07,11
16 6 S,true,2017-07-07,19
16 4 S,true,2017-07-07,12
16 5 N,true,2017-07-07,7
16 6 N,true,2017-07-07,15
15 0 N,true,2017-07-07,1
17 5 S,true,2017-07-07,8
17 5 N,true,2017-07-07,12
17 6 S,true,2017-07-07,18
17 4 S,true,2017-07-07,13
17 6 N,true,2017-07-07,15
18 6 S,true,2017-07-07,14
18 5 S,true,2017-07-07,7
18 5 N,true,2017-07-07,10
17 0 N,true,2017-07-07,3
18 4 S,true,2017-07-07,9
18 4 N,true,2017-07-07,11
18 6 N,true,2017-07-07,15
19 5 N,true,2017-07-07,8
19 6 S,true,2017-07-07,13
19 4 N,true,2017-07-07,11
19 4 S,true,2017-07-07,10
19 5 S,true,2017-07-07,7
19 6 N,true,2017-07-07,15
20 5 S,true,2017-07-07,5
20 6 S,true,2017-07-07,10
20 4 S,true,2017-07-07,7
20 5 N,true,2017-07-07,8
20 4 N,true,2017-07-07,10
19 0 N,true,2017-07-07,1
20 6 N,true,2017-07-07,11
21 5 S,true,2017-07-07,6
21 6 S,true,2017-07-07,8
21 4 S,true,2017-07-07,7
21 5 N,true,2017-07-07,7
21 4 N,true,2017-07-07,9
20 0 N,true,2017-07-07,1
21 6 N,true,2017-07-07,9
21 0 S,true,2017-07-07,1
22 5 S,true,2017-07-07,6
22 6 S,true,2017-07-07,7
22 4 S,true,2017-07-07,6
23 5 S,true,2017-07-07,3
22 4 N,true,2017-07-07,7
22 6 N,true,2017-07-07,8
22 5 N,true,2017-07-07,7
23 4 S,true,2017-07-07,6
23 4 N,true,2017-07-07,5
23 6 N,true,2017-07-07,6
23 5 N,true,2017-07-07,4
00 2 S,false,2017-07-08,4
00 2 N,false,2017-07-08,4
01 2 S,false,2017-07-08,3
01 2 N,false,2017-07-08,3
00 4 N,false,2017-07-08,4
00 4 S,false,2017-07-08,5
01 4 N,false,2017-07-08,3
23 4 N,false,2017-07-08,4
00 5 N,false,2017-07-08,2
00 6 N,false,2017-07-08,3
00 6 S,false,2017-07-08,4
01 4 S,false,2017-07-08,4
01 6 S,false,2017-07-08,2
01 6 N,false,2017-07-08,4
02 4 N,false,2017-07-08,3
02 2 S,false,2017-07-08,3
02 6 S,false,2017-07-08,3
02 2 N,false,2017-07-08,3
02 4 S,false,2017-07-08,2
02 6 N,false,2017-07-08,3
03 4 N,false,2017-07-08,3
03 4 S,false,2017-07-08,4
03 2 S,false,2017-07-08,3
03 6 S,false,2017-07-08,3
03 2 N,false,2017-07-08,3
03 6 N,false,2017-07-08,3
04 4 N,false,2017-07-08,3
04 2 S,false,2017-07-08,3
04 6 S,false,2017-07-08,3
04 2 N,false,2017-07-08,3
04 4 S,false,2017-07-08,3
04 6 N,false,2017-07-08,3
05 4 N,false,2017-07-08,4
05 6 S,false,2017-07-08,3
05 2 N,false,2017-07-08,3
05 2 S,false,2017-07-08,3
05 4 S,false,2017-07-08,3
05 6 N,false,2017-07-08,3
06 6 S,false,2017-07-08,7
06 2 S,false,2017-07-08,4
06 4 N,false,2017-07-08,3
06 2 N,false,2017-07-08,4
06 4 S,false,2017-07-08,6
06 6 N,false,2017-07-08,4
07 4 N,false,2017-07-08,7
07 6 S,false,2017-07-08,7
07 4 S,false,2017-07-08,8
07 2 S,false,2017-07-08,5
07 2 N,false,2017-07-08,4
07 6 N,false,2017-07-08,7
08 2 N,false,2017-07-08,4
08 2 S,false,2017-07-08,5
08 6 S,false,2017-07-08,8
08 4 N,false,2017-07-08,7
08 4 S,false,2017-07-08,7
08 6 N,false,2017-07-08,8
09 2 S,false,2017-07-08,4
09 2 N,false,2017-07-08,5
09 4 N,false,2017-07-08,7
09 6 S,false,2017-07-08,7
09 4 S,false,2017-07-08,7
09 6 N,false,2017-07-08,7
10 2 N,false,2017-07-08,4
10 2 S,false,2017-07-08,4
10 4 N,false,2017-07-08,6
10 6 S,false,2017-07-08,7
11 4 N,false,2017-07-08,9
10 4 S,false,2017-07-08,8
10 6 N,false,2017-07-08,8
11 6 S,false,2017-07-08,8
11 2 N,false,2017-07-08,4
11 4 S,false,2017-07-08,6
11 2 S,false,2017-07-08,4
11 6 N,false,2017-07-08,6
12 2 N,false,2017-07-08,4
12 2 S,false,2017-07-08,5
12 4 N,false,2017-07-08,7
12 6 S,false,2017-07-08,7
12 4 S,false,2017-07-08,7
12 6 N,false,2017-07-08,8
13 6 S,false,2017-07-08,8
13 2 S,false,2017-07-08,5
13 2 N,false,2017-07-08,4
13 4 N,false,2017-07-08,7
13 4 S,false,2017-07-08,8
13 6 N,false,2017-07-08,7
14 2 N,false,2017-07-08,6
14 2 S,false,2017-07-08,5
14 4 N,false,2017-07-08,7
14 6 S,false,2017-07-08,7
14 4 S,false,2017-07-08,7
14 6 N,false,2017-07-08,8
15 4 N,false,2017-07-08,6
15 6 S,false,2017-07-08,8
15 2 N,false,2017-07-08,2
15 2 S,false,2017-07-08,4
15 4 S,false,2017-07-08,6
15 6 N,false,2017-07-08,7
16 2 N,false,2017-07-08,7
16 4 N,false,2017-07-08,10
16 2 S,false,2017-07-08,3
16 6 S,false,2017-07-08,7
16 4 S,false,2017-07-08,11
16 6 N,false,2017-07-08,7
17 6 S,false,2017-07-08,8
17 2 S,false,2017-07-08,4
17 2 N,false,2017-07-08,4
17 4 N,false,2017-07-08,9
17 4 S,false,2017-07-08,8
17 6 N,false,2017-07-08,8
18 4 N,false,2017-07-08,7
18 6 S,false,2017-07-08,7
18 4 S,false,2017-07-08,8
18 2 S,false,2017-07-08,3
18 6 N,false,2017-07-08,8
18 2 N,false,2017-07-08,2
19 4 N,false,2017-07-08,7
19 2 S,false,2017-07-08,5
19 6 S,false,2017-07-08,8
19 2 N,false,2017-07-08,4
19 4 S,false,2017-07-08,6
19 6 N,false,2017-07-08,7
20 2 S,false,2017-07-08,5
20 4 N,false,2017-07-08,6
20 6 S,false,2017-07-08,7
20 2 N,false,2017-07-08,4
20 4 S,false,2017-07-08,5
20 6 N,false,2017-07-08,7
21 4 N,false,2017-07-08,5
21 6 S,false,2017-07-08,7
21 2 S,false,2017-07-08,4
21 2 N,false,2017-07-08,5
21 4 S,false,2017-07-08,4
21 6 N,false,2017-07-08,8
22 4 N,false,2017-07-08,6
22 2 S,false,2017-07-08,5
22 2 N,false,2017-07-08,5
22 6 S,false,2017-07-08,6
22 4 S,false,2017-07-08,5
22 6 N,false,2017-07-08,7
23 6 S,false,2017-07-08,6
23 2 S,false,2017-07-08,4
23 4 S,false,2017-07-08,5
23 2 N,false,2017-07-08,4
23 6 N,false,2017-07-08,7
00 2 N,false,2017-07-09,5
00 2 S,false,2017-07-09,4
01 2 S,false,2017-07-09,3
01 2 N,false,2017-07-09,3
00 4 S,false,2017-07-09,3
00 4 N,false,2017-07-09,5
01 4 N,false,2017-07-09,3
23 4 N,false,2017-07-09,5
00 6 N,false,2017-07-09,5
00 6 S,false,2017-07-09,2
01 4 S,false,2017-07-09,3
01 6 S,false,2017-07-09,2
01 6 N,false,2017-07-09,4
02 4 N,false,2017-07-09,3
02 6 S,false,2017-07-09,3
02 2 S,false,2017-07-09,3
02 2 N,false,2017-07-09,3
02 4 S,false,2017-07-09,3
02 6 N,false,2017-07-09,3
03 4 N,false,2017-07-09,3
03 6 S,false,2017-07-09,3
03 2 N,false,2017-07-09,3
03 2 S,false,2017-07-09,3
03 4 S,false,2017-07-09,2
03 6 N,false,2017-07-09,3
04 4 N,false,2017-07-09,4
04 4 S,false,2017-07-09,4
04 6 S,false,2017-07-09,3
04 2 S,false,2017-07-09,3
04 2 N,false,2017-07-09,3
04 6 N,false,2017-07-09,3
05 6 S,false,2017-07-09,3
05 2 S,false,2017-07-09,3
05 2 N,false,2017-07-09,3
05 4 N,false,2017-07-09,2
05 4 S,false,2017-07-09,3
05 6 N,false,2017-07-09,3
06 4 N,false,2017-07-09,4
06 6 S,false,2017-07-09,4
06 2 N,false,2017-07-09,4
06 2 S,false,2017-07-09,3
06 4 S,false,2017-07-09,3
06 6 N,false,2017-07-09,3
07 2 S,false,2017-07-09,5
07 4 S,false,2017-07-09,5
07 4 N,false,2017-07-09,4
07 6 S,false,2017-07-09,4
07 2 N,false,2017-07-09,4
07 6 N,false,2017-07-09,4
08 2 S,false,2017-07-09,5
08 6 S,false,2017-07-09,6
08 4 N,false,2017-07-09,4
08 2 N,false,2017-07-09,3
08 4 S,false,2017-07-09,5
08 6 N,false,2017-07-09,5
09 2 S,false,2017-07-09,2
09 4 N,false,2017-07-09,5
09 6 S,false,2017-07-09,6
09 2 N,false,2017-07-09,3
09 4 S,false,2017-07-09,5
09 6 N,false,2017-07-09,6
10 6 S,false,2017-07-09,8
10 2 N,false,2017-07-09,2
10 4 S,false,2017-07-09,7
10 4 N,false,2017-07-09,5
10 2 S,false,2017-07-09,5
09 5 S,false,2017-07-09,1
10 6 N,false,2017-07-09,7
10 5 S,false,2017-07-09,1
11 4 N,false,2017-07-09,7
11 6 S,false,2017-07-09,7
11 2 N,false,2017-07-09,5
11 4 S,false,2017-07-09,6
11 2 S,false,2017-07-09,2
11 6 N,false,2017-07-09,7
12 2 S,false,2017-07-09,3
12 2 N,false,2017-07-09,4
12 4 S,false,2017-07-09,8
12 6 S,false,2017-07-09,8
12 4 N,false,2017-07-09,5
11 5 S,false,2017-07-09,1
12 6 N,false,2017-07-09,6
13 2 S,false,2017-07-09,5
13 2 N,false,2017-07-09,4
13 4 N,false,2017-07-09,8
13 6 S,false,2017-07-09,7
13 4 S,false,2017-07-09,7
13 6 N,false,2017-07-09,7
14 2 S,false,2017-07-09,5
14 2 N,false,2017-07-09,5
14 6 S,false,2017-07-09,7
14 4 N,false,2017-07-09,7
14 4 S,false,2017-07-09,7
14 6 N,false,2017-07-09,8
15 6 S,false,2017-07-09,8
15 2 S,false,2017-07-09,4
15 4 N,false,2017-07-09,7
15 4 S,false,2017-07-09,7
15 2 N,false,2017-07-09,4
15 6 N,false,2017-07-09,7
16 2 S,false,2017-07-09,4
16 2 N,false,2017-07-09,5
16 6 S,false,2017-07-09,6
16 4 N,false,2017-07-09,6
16 4 S,false,2017-07-09,8
16 6 N,false,2017-07-09,6
17 6 S,false,2017-07-09,8
17 2 S,false,2017-07-09,4
17 2 N,false,2017-07-09,5
17 4 N,false,2017-07-09,6
17 4 S,false,2017-07-09,9
17 6 N,false,2017-07-09,8
18 4 N,false,2017-07-09,11
18 2 S,false,2017-07-09,5
18 2 N,false,2017-07-09,4
18 6 S,false,2017-07-09,7
18 4 S,false,2017-07-09,7
18 6 N,false,2017-07-09,8
19 2 S,false,2017-07-09,5
19 4 N,false,2017-07-09,6
19 6 S,false,2017-07-09,6
19 2 N,false,2017-07-09,4
19 4 S,false,2017-07-09,5
19 6 N,false,2017-07-09,7
20 2 N,false,2017-07-09,6
20 4 N,false,2017-07-09,5
20 6 S,false,2017-07-09,5
20 2 S,false,2017-07-09,3
20 4 S,false,2017-07-09,5
20 6 N,false,2017-07-09,5
21 2 S,false,2017-07-09,6
21 4 N,false,2017-07-09,5
21 4 S,false,2017-07-09,5
21 6 S,false,2017-07-09,4
21 2 N,false,2017-07-09,5
21 6 N,false,2017-07-09,4
22 4 N,false,2017-07-09,5
22 6 S,false,2017-07-09,5
22 2 S,false,2017-07-09,4
22 2 N,false,2017-07-09,5
22 4 S,false,2017-07-09,5
22 6 N,false,2017-07-09,5
23 2 S,false,2017-07-09,4
23 6 S,false,2017-07-09,4
23 2 N,false,2017-07-09,4
23 4 S,false,2017-07-09,3
23 6 N,false,2017-07-09,5
00 2 S,true,2017-07-10,4
00 2 N,true,2017-07-10,4
01 2 S,true,2017-07-10,3
01 2 N,true,2017-07-10,3
00 4 S,true,2017-07-10,4
01 4 N,true,2017-07-10,3
00 4 N,true,2017-07-10,3
00 6 N,true,2017-07-10,4
00 6 S,true,2017-07-10,3
01 6 S,true,2017-07-10,3
01 4 S,true,2017-07-10,2
01 6 N,true,2017-07-10,3
02 4 N,true,2017-07-10,4
02 4 S,true,2017-07-10,4
02 2 S,true,2017-07-10,3
02 6 S,true,2017-07-10,3
02 2 N,true,2017-07-10,3
02 6 N,true,2017-07-10,3
03 2 S,true,2017-07-10,3
03 6 S,true,2017-07-10,3
03 4 N,true,2017-07-10,3
03 2 N,true,2017-07-10,3
03 4 S,true,2017-07-10,3
03 6 N,true,2017-07-10,3
04 2 S,true,2017-07-10,3
04 6 S,true,2017-07-10,3
04 4 N,true,2017-07-10,3
04 2 N,true,2017-07-10,3
04 4 S,true,2017-07-10,3
04 6 N,true,2017-07-10,3
05 6 S,true,2017-07-10,6
05 4 S,true,2017-07-10,5
05 4 N,true,2017-07-10,4
05 2 N,true,2017-07-10,1
05 6 N,true,2017-07-10,4
06 5 S,true,2017-07-10,8
06 6 S,true,2017-07-10,9
06 4 S,true,2017-07-10,9
06 4 N,true,2017-07-10,4
06 5 N,true,2017-07-10,2
06 6 N,true,2017-07-10,7
07 5 S,true,2017-07-10,12
07 4 N,true,2017-07-10,8
07 4 S,true,2017-07-10,10
07 6 S,true,2017-07-10,13
07 5 N,true,2017-07-10,4
07 6 N,true,2017-07-10,12
08 4 S,true,2017-07-10,12
08 5 S,true,2017-07-10,10
08 6 S,true,2017-07-10,21
08 5 N,true,2017-07-10,9
08 4 N,true,2017-07-10,11
08 6 N,true,2017-07-10,15
09 5 S,true,2017-07-10,9
09 4 S,true,2017-07-10,11
09 5 N,true,2017-07-10,13
09 6 S,true,2017-07-10,17
09 4 N,true,2017-07-10,9
09 6 N,true,2017-07-10,22
10 5 S,true,2017-07-10,7
10 4 S,true,2017-07-10,7
10 6 S,true,2017-07-10,14
10 4 N,true,2017-07-10,9
10 5 N,true,2017-07-10,7
10 6 N,true,2017-07-10,15
11 6 S,true,2017-07-10,15
11 4 S,true,2017-07-10,7
11 4 N,true,2017-07-10,9
11 5 S,true,2017-07-10,6
11 5 N,true,2017-07-10,5
11 6 N,true,2017-07-10,13
12 4 N,true,2017-07-10,7
12 5 S,true,2017-07-10,7
12 4 S,true,2017-07-10,7
12 5 N,true,2017-07-10,5
12 6 S,true,2017-07-10,13
12 6 N,true,2017-07-10,13
13 5 S,true,2017-07-10,6
13 6 S,true,2017-07-10,14
13 4 S,true,2017-07-10,7
13 5 N,true,2017-07-10,7
13 4 N,true,2017-07-10,7
13 6 N,true,2017-07-10,15
16 4 N,true,2017-07-10,10
14 5 S,true,2017-07-10,8
14 5 N,true,2017-07-10,7
14 6 S,true,2017-07-10,15
14 4 S,true,2017-07-10,7
14 4 N,true,2017-07-10,8
14 6 N,true,2017-07-10,15
15 6 S,true,2017-07-10,14
15 5 S,true,2017-07-10,8
15 5 N,true,2017-07-10,8
15 4 S,true,2017-07-10,8
15 4 N,true,2017-07-10,8
15 6 N,true,2017-07-10,15
16 5 S,true,2017-07-10,10
16 6 S,true,2017-07-10,20
16 4 S,true,2017-07-10,13
16 5 N,true,2017-07-10,6
16 6 N,true,2017-07-10,16
17 5 S,true,2017-07-10,8
17 5 N,true,2017-07-10,10
17 6 S,true,2017-07-10,15
17 4 S,true,2017-07-10,10
17 4 N,true,2017-07-10,9
18 5 N,true,2017-07-10,8
18 5 S,true,2017-07-10,6
17 6 N,true,2017-07-10,17
18 6 S,true,2017-07-10,15
18 4 N,true,2017-07-10,10
18 4 S,true,2017-07-10,9
18 6 N,true,2017-07-10,14
19 5 S,true,2017-07-10,8
19 5 N,true,2017-07-10,7
19 6 S,true,2017-07-10,14
18 2 N,true,2017-07-10,1
19 4 N,true,2017-07-10,9
19 4 S,true,2017-07-10,10
19 6 N,true,2017-07-10,15
20 5 S,true,2017-07-10,3
20 6 S,true,2017-07-10,7
20 4 S,true,2017-07-10,5
20 4 N,true,2017-07-10,4
20 6 N,true,2017-07-10,9
20 5 N,true,2017-07-10,3
21 5 N,true,2017-07-10,9
21 4 N,true,2017-07-10,8
21 5 S,true,2017-07-10,5
21 6 S,true,2017-07-10,10
20 2 N,true,2017-07-10,3
21 4 S,true,2017-07-10,7
20 2 S,true,2017-07-10,6
21 6 N,true,2017-07-10,11
21 2 N,true,2017-07-10,3
22 6 S,true,2017-07-10,7
21 2 S,true,2017-07-10,1
22 4 S,true,2017-07-10,4
22 5 S,true,2017-07-10,3
22 4 N,true,2017-07-10,7
22 5 N,true,2017-07-10,4
22 6 N,true,2017-07-10,8
23 6 S,true,2017-07-10,6
23 4 N,true,2017-07-10,6
23 4 S,true,2017-07-10,3
23 6 N,true,2017-07-10,7
23 5 N,true,2017-07-10,2
00 6 N,true,2017-07-11,5
01 4 N,true,2017-07-11,3
00 4 S,true,2017-07-11,3
01 4 S,true,2017-07-11,3
00 4 N,true,2017-07-11,2
00 6 S,true,2017-07-11,3
01 6 S,true,2017-07-11,4
02 4 N,true,2017-07-11,4
02 4 S,true,2017-07-11,3
01 6 N,true,2017-07-11,2
02 6 S,true,2017-07-11,3
02 6 N,true,2017-07-11,4
03 4 N,true,2017-07-11,2
03 4 S,true,2017-07-11,4
03 6 S,true,2017-07-11,3
03 6 N,true,2017-07-11,3
04 4 N,true,2017-07-11,3
04 4 S,true,2017-07-11,3
04 6 S,true,2017-07-11,2
04 6 N,true,2017-07-11,3
05 4 N,true,2017-07-11,5
05 4 S,true,2017-07-11,6
05 6 S,true,2017-07-11,6
05 6 N,true,2017-07-11,4
05 5 S,true,2017-07-11,2
06 6 S,true,2017-07-11,9
06 5 S,true,2017-07-11,7
06 4 S,true,2017-07-11,4
06 4 N,true,2017-07-11,5
06 5 N,true,2017-07-11,2
06 6 N,true,2017-07-11,6
07 4 S,true,2017-07-11,13
07 5 S,true,2017-07-11,11
07 5 N,true,2017-07-11,6
07 6 S,true,2017-07-11,15
07 4 N,true,2017-07-11,7
07 6 N,true,2017-07-11,13
08 4 S,true,2017-07-11,13
08 5 S,true,2017-07-11,11
08 6 S,true,2017-07-11,21
08 5 N,true,2017-07-11,10
08 4 N,true,2017-07-11,10
08 6 N,true,2017-07-11,14
09 5 S,true,2017-07-11,10
09 6 S,true,2017-07-11,18
09 5 N,true,2017-07-11,12
09 4 N,true,2017-07-11,12
09 4 S,true,2017-07-11,11
09 6 N,true,2017-07-11,22
10 5 N,true,2017-07-11,10
10 5 S,true,2017-07-11,6
10 6 N,true,2017-07-11,16
11 6 S,true,2017-07-11,16
10 4 S,true,2017-07-11,8
10 4 N,true,2017-07-11,9
09 2 S,true,2017-07-11,1
10 6 S,true,2017-07-11,13
11 4 S,true,2017-07-11,6
11 5 S,true,2017-07-11,6
11 5 N,true,2017-07-11,6
11 4 N,true,2017-07-11,10
11 6 N,true,2017-07-11,14
12 5 S,true,2017-07-11,7
12 6 S,true,2017-07-11,13
12 4 S,true,2017-07-11,8
12 5 N,true,2017-07-11,7
16 4 N,true,2017-07-11,11
12 4 N,true,2017-07-11,7
12 6 N,true,2017-07-11,14
13 5 S,true,2017-07-11,7
13 6 S,true,2017-07-11,15
13 4 S,true,2017-07-11,6
13 5 N,true,2017-07-11,6
13 4 N,true,2017-07-11,6
13 6 N,true,2017-07-11,16
14 5 S,true,2017-07-11,8
14 6 S,true,2017-07-11,14
14 4 S,true,2017-07-11,8
14 5 N,true,2017-07-11,7
14 4 N,true,2017-07-11,8
14 6 N,true,2017-07-11,14
15 6 S,true,2017-07-11,14
15 5 S,true,2017-07-11,10
15 5 N,true,2017-07-11,8
15 4 S,true,2017-07-11,8
15 4 N,true,2017-07-11,7
15 6 N,true,2017-07-11,15
16 5 N,true,2017-07-11,10
16 6 S,true,2017-07-11,19
16 4 S,true,2017-07-11,12
16 5 S,true,2017-07-11,9
16 6 N,true,2017-07-11,14
17 5 S,true,2017-07-11,7
17 4 S,true,2017-07-11,11
17 5 N,true,2017-07-11,9
17 4 N,true,2017-07-11,9
17 6 S,true,2017-07-11,16
17 6 N,true,2017-07-11,18
18 5 S,true,2017-07-11,5
18 5 N,true,2017-07-11,4
18 4 N,true,2017-07-11,6
18 6 S,true,2017-07-11,15
18 4 S,true,2017-07-11,8
17 2 N,true,2017-07-11,2
19 5 N,true,2017-07-11,7
18 6 N,true,2017-07-11,15
18 2 N,true,2017-07-11,7
19 6 S,true,2017-07-11,14
19 5 S,true,2017-07-11,7
19 4 N,true,2017-07-11,8
19 4 S,true,2017-07-11,8
19 6 N,true,2017-07-11,16
20 5 N,true,2017-07-11,8
20 4 N,true,2017-07-11,10
20 6 S,true,2017-07-11,12
20 4 S,true,2017-07-11,6
20 5 S,true,2017-07-11,4
20 6 N,true,2017-07-11,10
21 5 N,true,2017-07-11,3
21 5 S,true,2017-07-11,2
21 6 S,true,2017-07-11,5
21 4 N,true,2017-07-11,6
21 4 S,true,2017-07-11,3
21 6 N,true,2017-07-11,5
21 4 S,true,2017-07-12,6
21 4 N,true,2017-07-12,7
20 6 N,true,2017-07-12,11
21 6 S,true,2017-07-12,8
22 6 S,true,2017-07-12,1
09 4 N,true,2017-07-12,10
09 4 S,true,2017-07-12,7
09 5 N,true,2017-07-12,9
09 5 S,true,2017-07-12,6
10 5 N,true,2017-07-12,8
10 5 S,true,2017-07-12,8
09 6 S,true,2017-07-12,14
09 6 N,true,2017-07-12,15
10 6 S,true,2017-07-12,14
10 6 N,true,2017-07-12,15
11 6 S,true,2017-07-12,14
10 4 N,true,2017-07-12,7
10 4 S,true,2017-07-12,8
11 5 S,true,2017-07-12,6
11 4 N,true,2017-07-12,11
11 4 S,true,2017-07-12,5
11 5 N,true,2017-07-12,9
11 6 N,true,2017-07-12,14
12 6 S,true,2017-07-12,14
12 5 S,true,2017-07-12,7
12 4 S,true,2017-07-12,7
12 5 N,true,2017-07-12,5
12 4 N,true,2017-07-12,5
12 6 N,true,2017-07-12,14
13 5 S,true,2017-07-12,6
13 6 S,true,2017-07-12,13
13 4 S,true,2017-07-12,8
13 5 N,true,2017-07-12,7
13 4 N,true,2017-07-12,6
13 6 N,true,2017-07-12,14
14 5 S,true,2017-07-12,9
14 6 S,true,2017-07-12,13
14 5 N,true,2017-07-12,7
14 4 N,true,2017-07-12,5
14 6 N,true,2017-07-12,12
14 4 S,true,2017-07-12,6
15 6 S,true,2017-07-12,8
16 4 N,true,2017-07-12,9
15 5 S,true,2017-07-12,5
15 5 N,true,2017-07-12,3
15 4 S,true,2017-07-12,3
15 4 N,true,2017-07-12,2
15 6 N,true,2017-07-12,6
16 5 S,true,2017-07-12,8
16 6 S,true,2017-07-12,17
16 4 S,true,2017-07-12,12
16 5 N,true,2017-07-12,10
17 6 S,true,2017-07-12,17
17 5 S,true,2017-07-12,7
16 6 N,true,2017-07-12,9
17 4 S,true,2017-07-12,12
17 5 N,true,2017-07-12,9
17 4 N,true,2017-07-12,12
17 6 N,true,2017-07-12,22
18 5 S,true,2017-07-12,6
18 4 S,true,2017-07-12,10
18 6 S,true,2017-07-12,11
18 4 N,true,2017-07-12,10
18 5 N,true,2017-07-12,10
18 6 N,true,2017-07-12,10
19 6 S,true,2017-07-12,14
19 4 S,true,2017-07-12,10
19 5 S,true,2017-07-12,6
19 5 N,true,2017-07-12,6
19 4 N,true,2017-07-12,9
19 6 N,true,2017-07-12,12
20 5 S,true,2017-07-12,6
19 0 N,true,2017-07-12,3
20 6 S,true,2017-07-12,11
20 4 S,true,2017-07-12,8
20 5 N,true,2017-07-12,5
20 4 N,true,2017-07-12,8
21 5 S,true,2017-07-12,4
21 5 N,true,2017-07-12,4
21 6 N,true,2017-07-12,5
13 4 N,true,2017-07-13,5
19 6 N,true,2017-07-13,13
11 5 N,true,2017-07-13,8
11 6 N,true,2017-07-13,15
12 4 N,true,2017-07-13,7
12 5 S,true,2017-07-13,7
12 6 S,true,2017-07-13,14
11 5 S,true,2017-07-13,5
11 4 N,true,2017-07-13,11
11 4 S,true,2017-07-13,6
12 4 S,true,2017-07-13,5
12 5 N,true,2017-07-13,7
11 6 S,true,2017-07-13,12
12 6 N,true,2017-07-13,14
13 5 S,true,2017-07-13,6
13 6 S,true,2017-07-13,15
13 4 S,true,2017-07-13,7
13 5 N,true,2017-07-13,7
13 6 N,true,2017-07-13,14
14 5 S,true,2017-07-13,8
14 4 S,true,2017-07-13,6
14 6 S,true,2017-07-13,15
14 5 N,true,2017-07-13,6
14 4 N,true,2017-07-13,5
14 6 N,true,2017-07-13,13
15 4 S,true,2017-07-13,8
15 5 S,true,2017-07-13,9
15 6 S,true,2017-07-13,13
15 4 N,true,2017-07-13,9
15 5 N,true,2017-07-13,7
15 6 N,true,2017-07-13,15
16 4 N,true,2017-07-13,9
16 5 S,true,2017-07-13,11
16 6 S,true,2017-07-13,17
16 5 N,true,2017-07-13,9
16 4 S,true,2017-07-13,12
15 2 S,true,2017-07-13,1
17 6 S,true,2017-07-13,18
16 6 N,true,2017-07-13,11
17 5 S,true,2017-07-13,8
17 4 S,true,2017-07-13,15
17 4 N,true,2017-07-13,11
17 5 N,true,2017-07-13,10
16 0 N,true,2017-07-13,1
17 6 N,true,2017-07-13,19
18 5 N,true,2017-07-13,9
18 5 S,true,2017-07-13,6
18 6 S,true,2017-07-13,13
17 0 N,true,2017-07-13,2
18 4 N,true,2017-07-13,10
18 4 S,true,2017-07-13,7
18 6 N,true,2017-07-13,15
19 4 S,true,2017-07-13,11
19 5 N,true,2017-07-13,7
19 5 S,true,2017-07-13,6
19 6 S,true,2017-07-13,14
19 4 N,true,2017-07-13,11
18 0 N,true,2017-07-13,1
20 5 S,true,2017-07-13,6
20 6 S,true,2017-07-13,10
20 4 S,true,2017-07-13,9
20 5 N,true,2017-07-13,6
20 4 N,true,2017-07-13,10
19 0 N,true,2017-07-13,1
20 6 N,true,2017-07-13,10
21 6 S,true,2017-07-13,10
21 5 N,true,2017-07-13,9
21 5 S,true,2017-07-13,6
21 4 N,true,2017-07-13,9
21 4 S,true,2017-07-13,6
21 6 N,true,2017-07-13,12
20 0 N,true,2017-07-13,1
22 5 S,true,2017-07-13,5
22 6 S,true,2017-07-13,8
22 4 S,true,2017-07-13,6
22 4 N,true,2017-07-13,7
22 6 N,true,2017-07-13,7
22 5 N,true,2017-07-13,6
23 6 S,true,2017-07-13,5
23 4 S,true,2017-07-13,5
23 4 N,true,2017-07-13,5
23 6 N,true,2017-07-13,7
23 5 N,true,2017-07-13,2
00 6 S,true,2017-07-14,3
00 6 N,true,2017-07-14,4
01 4 N,true,2017-07-14,3
00 4 S,true,2017-07-14,4
00 4 N,true,2017-07-14,3
01 6 S,true,2017-07-14,4
01 4 S,true,2017-07-14,2
02 4 N,true,2017-07-14,4
01 6 N,true,2017-07-14,4
02 4 S,true,2017-07-14,3
02 6 S,true,2017-07-14,3
02 6 N,true,2017-07-14,3
03 4 N,true,2017-07-14,3
03 4 S,true,2017-07-14,3
03 6 S,true,2017-07-14,3
03 6 N,true,2017-07-14,3
04 4 N,true,2017-07-14,3
04 4 S,true,2017-07-14,3
04 6 S,true,2017-07-14,3
04 6 N,true,2017-07-14,3
05 4 N,true,2017-07-14,4
05 4 S,true,2017-07-14,6
05 6 S,true,2017-07-14,6
05 6 N,true,2017-07-14,4
06 4 N,true,2017-07-14,7
05 5 S,true,2017-07-14,2
06 6 S,true,2017-07-14,8
06 4 S,true,2017-07-14,8
06 5 S,true,2017-07-14,6
06 5 N,true,2017-07-14,3
06 6 N,true,2017-07-14,7
07 5 S,true,2017-07-14,11
07 4 N,true,2017-07-14,10
07 4 S,true,2017-07-14,11
07 6 S,true,2017-07-14,14
07 5 N,true,2017-07-14,5
07 6 N,true,2017-07-14,12
08 5 S,true,2017-07-14,12
08 6 S,true,2017-07-14,21
08 4 S,true,2017-07-14,12
08 5 N,true,2017-07-14,8
08 4 N,true,2017-07-14,9
08 6 N,true,2017-07-14,15
09 5 S,true,2017-07-14,10
09 4 S,true,2017-07-14,13
09 6 S,true,2017-07-14,18
09 5 N,true,2017-07-14,13
09 4 N,true,2017-07-14,10
09 6 N,true,2017-07-14,21
10 5 S,true,2017-07-14,5
10 6 S,true,2017-07-14,14
10 4 S,true,2017-07-14,7
10 4 N,true,2017-07-14,10
10 5 N,true,2017-07-14,11
10 6 N,true,2017-07-14,16
11 6 S,true,2017-07-14,12
11 4 S,true,2017-07-14,8
11 5 S,true,2017-07-14,8
11 5 N,true,2017-07-14,7
11 4 N,true,2017-07-14,12
11 6 N,true,2017-07-14,10
12 5 S,true,2017-07-14,5
12 6 S,true,2017-07-14,15
12 5 N,true,2017-07-14,6
12 4 S,true,2017-07-14,7
12 4 N,true,2017-07-14,7
12 6 N,true,2017-07-14,16
13 6 S,true,2017-07-14,13
13 5 N,true,2017-07-14,7
13 4 S,true,2017-07-14,7
13 4 N,true,2017-07-14,7
13 5 S,true,2017-07-14,6
13 6 N,true,2017-07-14,12
14 4 S,true,2017-07-14,8
14 5 S,true,2017-07-14,8
14 6 S,true,2017-07-14,15
14 5 N,true,2017-07-14,5
14 4 N,true,2017-07-14,8
14 6 N,true,2017-07-14,15
15 6 S,true,2017-07-14,14
15 5 S,true,2017-07-14,9
15 5 N,true,2017-07-14,7
15 4 S,true,2017-07-14,8
15 4 N,true,2017-07-14,6
16 4 N,true,2017-07-14,10
15 6 N,true,2017-07-14,14
16 5 S,true,2017-07-14,11
16 6 S,true,2017-07-14,17
16 4 S,true,2017-07-14,12
16 5 N,true,2017-07-14,7
16 6 N,true,2017-07-14,15
17 6 S,true,2017-07-14,18
17 5 S,true,2017-07-14,7
17 5 N,true,2017-07-14,11
17 4 S,true,2017-07-14,11
17 4 N,true,2017-07-14,12
17 6 N,true,2017-07-14,17
18 5 N,true,2017-07-14,10
18 6 S,true,2017-07-14,15
18 5 S,true,2017-07-14,6
18 6 N,true,2017-07-14,15
18 4 S,true,2017-07-14,10
17 0 N,true,2017-07-14,2
18 4 N,true,2017-07-14,11
19 6 S,true,2017-07-14,14
19 4 S,true,2017-07-14,9
19 5 S,true,2017-07-14,5
19 4 N,true,2017-07-14,9
19 5 N,true,2017-07-14,6
19 6 N,true,2017-07-14,14
20 6 S,true,2017-07-14,12
20 5 S,true,2017-07-14,3
18 0 N,true,2017-07-14,1
20 4 S,true,2017-07-14,9
19 0 N,true,2017-07-14,2
20 5 N,true,2017-07-14,6
20 4 N,true,2017-07-14,11
20 6 N,true,2017-07-14,12
21 6 S,true,2017-07-14,10
20 0 N,true,2017-07-14,1
21 5 N,true,2017-07-14,2
21 6 N,true,2017-07-14,11
21 4 S,true,2017-07-14,7
21 4 N,true,2017-07-14,9
22 4 S,true,2017-07-14,6
22 4 N,true,2017-07-14,6
22 6 S,true,2017-07-14,7
21 5 S,true,2017-07-14,2
22 6 N,true,2017-07-14,8
22 5 S,true,2017-07-14,3
23 6 S,true,2017-07-14,6
23 5 S,true,2017-07-14,4
22 5 N,true,2017-07-14,4
23 4 S,true,2017-07-14,5
23 4 N,true,2017-07-14,5
23 6 N,true,2017-07-14,7
23 2 S,true,2017-07-14,1
23 5 N,true,2017-07-14,3
00 5 N,false,2017-07-15,2
00 2 N,false,2017-07-15,4
01 2 N,false,2017-07-15,3
00 2 S,false,2017-07-15,3
01 4 N,false,2017-07-15,5
00 4 N,false,2017-07-15,4
00 4 S,false,2017-07-15,3
00 6 N,false,2017-07-15,2
00 6 S,false,2017-07-15,4
01 6 S,false,2017-07-15,3
01 6 N,false,2017-07-15,4
01 2 S,false,2017-07-15,3
01 4 S,false,2017-07-15,3
02 6 S,false,2017-07-15,3
02 4 N,false,2017-07-15,2
02 2 N,false,2017-07-15,3
02 6 N,false,2017-07-15,3
02 2 S,false,2017-07-15,5
02 4 S,false,2017-07-15,3
03 4 N,false,2017-07-15,4
03 6 S,false,2017-07-15,3
03 2 N,false,2017-07-15,3
03 4 S,false,2017-07-15,3
03 6 N,false,2017-07-15,3
03 2 S,false,2017-07-15,3
04 6 S,false,2017-07-15,3
04 4 N,false,2017-07-15,2
04 2 N,false,2017-07-15,3
04 4 S,false,2017-07-15,3
04 6 N,false,2017-07-15,3
04 2 S,false,2017-07-15,3
05 4 N,false,2017-07-15,4
05 2 N,false,2017-07-15,3
05 6 S,false,2017-07-15,3
05 6 N,false,2017-07-15,3
05 2 S,false,2017-07-15,3
05 4 S,false,2017-07-15,3
06 6 S,false,2017-07-15,7
06 2 N,false,2017-07-15,3
06 4 N,false,2017-07-15,3
06 2 S,false,2017-07-15,5
06 4 S,false,2017-07-15,6
06 6 N,false,2017-07-15,4
07 2 N,false,2017-07-15,5
07 6 S,false,2017-07-15,7
07 4 N,false,2017-07-15,5
07 4 S,false,2017-07-15,7
07 2 S,false,2017-07-15,5
07 6 N,false,2017-07-15,7
08 2 N,false,2017-07-15,5
08 4 N,false,2017-07-15,7
08 6 S,false,2017-07-15,8
08 4 S,false,2017-07-15,8
08 2 S,false,2017-07-15,6
08 6 N,false,2017-07-15,7
09 4 N,false,2017-07-15,7
09 2 N,false,2017-07-15,5
09 6 S,false,2017-07-15,7
09 4 S,false,2017-07-15,6
09 6 N,false,2017-07-15,7
09 2 S,false,2017-07-15,5
10 4 N,false,2017-07-15,7
10 2 N,false,2017-07-15,5
10 6 S,false,2017-07-15,6
10 4 S,false,2017-07-15,7
10 6 N,false,2017-07-15,8
10 2 S,false,2017-07-15,4
11 4 N,false,2017-07-15,7
11 6 S,false,2017-07-15,6
11 2 N,false,2017-07-15,6
11 4 S,false,2017-07-15,6
11 2 S,false,2017-07-15,6
11 6 N,false,2017-07-15,6
12 6 S,false,2017-07-15,8
12 4 N,false,2017-07-15,6
12 2 N,false,2017-07-15,4
12 4 S,false,2017-07-15,7
12 6 N,false,2017-07-15,7
12 2 S,false,2017-07-15,4
13 2 N,false,2017-07-15,5
13 4 N,false,2017-07-15,7
13 6 S,false,2017-07-15,7
13 4 S,false,2017-07-15,7
13 6 N,false,2017-07-15,6
13 2 S,false,2017-07-15,6
14 4 N,false,2017-07-15,7
14 2 N,false,2017-07-15,5
14 6 S,false,2017-07-15,7
14 4 S,false,2017-07-15,7
14 6 N,false,2017-07-15,8
14 2 S,false,2017-07-15,5
15 4 N,false,2017-07-15,7
15 6 S,false,2017-07-15,6
15 2 N,false,2017-07-15,5
15 4 S,false,2017-07-15,6
15 6 N,false,2017-07-15,7
15 2 S,false,2017-07-15,5
16 4 N,false,2017-07-15,7
16 2 N,false,2017-07-15,6
16 6 S,false,2017-07-15,7
16 4 S,false,2017-07-15,7
16 6 N,false,2017-07-15,6
16 2 S,false,2017-07-15,5
17 4 N,false,2017-07-15,6
17 6 S,false,2017-07-15,7
17 2 N,false,2017-07-15,4
17 4 S,false,2017-07-15,8
17 6 N,false,2017-07-15,9
17 2 S,false,2017-07-15,4
18 4 N,false,2017-07-15,9
18 2 N,false,2017-07-15,5
18 6 S,false,2017-07-15,7
18 4 S,false,2017-07-15,6
18 6 N,false,2017-07-15,6
18 2 S,false,2017-07-15,5
19 4 N,false,2017-07-15,7
19 6 S,false,2017-07-15,7
19 2 N,false,2017-07-15,5
19 4 S,false,2017-07-15,5
19 6 N,false,2017-07-15,8
19 2 S,false,2017-07-15,4
20 4 N,false,2017-07-15,5
20 6 S,false,2017-07-15,7
20 2 N,false,2017-07-15,5
20 4 S,false,2017-07-15,6
20 2 S,false,2017-07-15,6
20 6 N,false,2017-07-15,6
21 4 N,false,2017-07-15,6
21 6 S,false,2017-07-15,6
21 2 N,false,2017-07-15,6
21 4 S,false,2017-07-15,5
21 6 N,false,2017-07-15,7
21 2 S,false,2017-07-15,4
22 6 S,false,2017-07-15,6
22 4 N,false,2017-07-15,5
22 2 N,false,2017-07-15,4
22 4 S,false,2017-07-15,5
22 6 N,false,2017-07-15,6
22 2 S,false,2017-07-15,5
23 4 N,false,2017-07-15,4
23 6 S,false,2017-07-15,6
23 2 N,false,2017-07-15,4
23 4 S,false,2017-07-15,5
23 6 N,false,2017-07-15,6
23 2 S,false,2017-07-15,4
00 2 N,false,2017-07-16,4
00 2 S,false,2017-07-16,3
01 2 N,false,2017-07-16,3
00 4 S,false,2017-07-16,4
01 4 N,false,2017-07-16,4
00 4 N,false,2017-07-16,4
00 6 N,false,2017-07-16,7
00 6 S,false,2017-07-16,2
01 6 S,false,2017-07-16,2
01 2 S,false,2017-07-16,3
01 4 S,false,2017-07-16,3
01 6 N,false,2017-07-16,3
02 4 N,false,2017-07-16,2
02 6 S,false,2017-07-16,3
02 2 N,false,2017-07-16,2
02 6 N,false,2017-07-16,3
02 2 S,false,2017-07-16,3
02 4 S,false,2017-07-16,3
03 4 N,false,2017-07-16,3
03 2 N,false,2017-07-16,4
03 6 S,false,2017-07-16,3
03 6 N,false,2017-07-16,3
03 2 S,false,2017-07-16,3
04 4 N,false,2017-07-16,3
03 4 S,false,2017-07-16,2
04 6 S,false,2017-07-16,3
04 2 N,false,2017-07-16,3
04 6 N,false,2017-07-16,3
04 2 S,false,2017-07-16,3
04 4 S,false,2017-07-16,3
05 4 N,false,2017-07-16,3
05 6 S,false,2017-07-16,3
05 2 N,false,2017-07-16,3
05 6 N,false,2017-07-16,3
05 2 S,false,2017-07-16,3
05 4 S,false,2017-07-16,3
06 4 N,false,2017-07-16,3
06 6 S,false,2017-07-16,4
06 2 N,false,2017-07-16,4
06 6 N,false,2017-07-16,3
06 2 S,false,2017-07-16,5
06 4 S,false,2017-07-16,3
07 4 N,false,2017-07-16,5
07 6 S,false,2017-07-16,4
07 2 N,false,2017-07-16,3
07 4 S,false,2017-07-16,5
07 6 N,false,2017-07-16,4
07 2 S,false,2017-07-16,4
08 6 S,false,2017-07-16,6
08 4 N,false,2017-07-16,3
08 2 N,false,2017-07-16,4
08 6 N,false,2017-07-16,5
08 4 S,false,2017-07-16,5
08 2 S,false,2017-07-16,5
09 4 N,false,2017-07-16,6
09 6 S,false,2017-07-16,6
09 2 N,false,2017-07-16,5
09 4 S,false,2017-07-16,5
09 6 N,false,2017-07-16,6
09 2 S,false,2017-07-16,5
10 6 S,false,2017-07-16,7
10 2 N,false,2017-07-16,5
10 4 N,false,2017-07-16,5
10 4 S,false,2017-07-16,6
10 6 N,false,2017-07-16,7
10 2 S,false,2017-07-16,5
11 4 N,false,2017-07-16,7
11 6 S,false,2017-07-16,8
11 2 N,false,2017-07-16,4
11 4 S,false,2017-07-16,8
11 6 N,false,2017-07-16,7
11 2 S,false,2017-07-16,5
12 4 N,false,2017-07-16,7
12 6 S,false,2017-07-16,7
12 2 N,false,2017-07-16,5
12 4 S,false,2017-07-16,8
12 6 N,false,2017-07-16,8
12 2 S,false,2017-07-16,5
13 4 N,false,2017-07-16,6
13 6 S,false,2017-07-16,7
13 2 N,false,2017-07-16,5
13 4 S,false,2017-07-16,6
13 6 N,false,2017-07-16,8
14 4 N,false,2017-07-16,8
13 2 S,false,2017-07-16,5
14 6 S,false,2017-07-16,7
14 2 N,false,2017-07-16,5
14 4 S,false,2017-07-16,6
14 6 N,false,2017-07-16,6
14 2 S,false,2017-07-16,5
15 4 N,false,2017-07-16,7
15 6 S,false,2017-07-16,7
15 2 N,false,2017-07-16,5
15 4 S,false,2017-07-16,7
15 6 N,false,2017-07-16,6
16 4 N,false,2017-07-16,8
15 2 S,false,2017-07-16,5
16 6 S,false,2017-07-16,7
16 2 N,false,2017-07-16,5
16 6 N,false,2017-07-16,8
16 4 S,false,2017-07-16,3
16 2 S,false,2017-07-16,5
17 4 N,false,2017-07-16,5
17 6 S,false,2017-07-16,8
17 2 N,false,2017-07-16,4
17 4 S,false,2017-07-16,8
18 4 N,false,2017-07-16,8
17 2 S,false,2017-07-16,5
17 6 N,false,2017-07-16,5
18 2 N,false,2017-07-16,6
18 6 S,false,2017-07-16,7
18 4 S,false,2017-07-16,5
18 6 N,false,2017-07-16,9
18 2 S,false,2017-07-16,5
19 4 N,false,2017-07-16,7
19 6 S,false,2017-07-16,5
19 2 N,false,2017-07-16,6
19 4 S,false,2017-07-16,6
19 6 N,false,2017-07-16,8
19 2 S,false,2017-07-16,4
20 4 N,false,2017-07-16,4
20 6 S,false,2017-07-16,5
20 2 N,false,2017-07-16,5
20 2 S,false,2017-07-16,5
20 4 S,false,2017-07-16,6
20 6 N,false,2017-07-16,4
21 4 N,false,2017-07-16,6
21 6 S,false,2017-07-16,5
21 2 N,false,2017-07-16,4
21 4 S,false,2017-07-16,4
21 6 N,false,2017-07-16,5
21 2 S,false,2017-07-16,5
22 4 N,false,2017-07-16,5
22 6 S,false,2017-07-16,4
22 2 N,false,2017-07-16,5
22 4 S,false,2017-07-16,4
22 6 N,false,2017-07-16,4
22 2 S,false,2017-07-16,5
23 4 N,false,2017-07-16,4
23 2 N,false,2017-07-16,5
23 6 S,false,2017-07-16,4
23 4 S,false,2017-07-16,4
23 2 S,false,2017-07-16,4
23 6 N,false,2017-07-16,5
00 2 N,true,2017-07-17,5
00 2 S,true,2017-07-17,2
01 2 N,true,2017-07-17,3
23 2 S,true,2017-07-17,1
01 4 N,true,2017-07-17,3
00 4 S,true,2017-07-17,2
00 4 N,true,2017-07-17,4
23 4 S,true,2017-07-17,5
00 6 N,true,2017-07-17,4
00 6 S,true,2017-07-17,3
01 6 S,true,2017-07-17,2
01 4 S,true,2017-07-17,2
01 6 N,true,2017-07-17,2
01 2 S,true,2017-07-17,1
02 6 S,true,2017-07-17,3
02 4 N,true,2017-07-17,2
02 2 N,true,2017-07-17,3
02 4 S,true,2017-07-17,4
02 6 N,true,2017-07-17,3
03 4 N,true,2017-07-17,4
03 6 S,true,2017-07-17,3
03 2 N,true,2017-07-17,3
03 6 N,true,2017-07-17,3
03 4 S,true,2017-07-17,3
03 2 S,true,2017-07-17,1
04 2 S,true,2017-07-17,3
04 6 S,true,2017-07-17,3
04 4 N,true,2017-07-17,3
04 2 N,true,2017-07-17,3
04 4 S,true,2017-07-17,3
04 6 N,true,2017-07-17,3
05 4 S,true,2017-07-17,5
05 2 N,true,2017-07-17,1
05 4 N,true,2017-07-17,4
05 6 S,true,2017-07-17,5
05 6 N,true,2017-07-17,4
05 5 S,true,2017-07-17,2
06 6 S,true,2017-07-17,9
06 4 S,true,2017-07-17,8
06 4 N,true,2017-07-17,5
06 5 S,true,2017-07-17,6
06 5 N,true,2017-07-17,3
06 6 N,true,2017-07-17,6
07 4 N,true,2017-07-17,9
07 5 S,true,2017-07-17,9
07 6 S,true,2017-07-17,14
07 5 N,true,2017-07-17,5
07 4 S,true,2017-07-17,12
07 6 N,true,2017-07-17,12
08 5 S,true,2017-07-17,12
08 6 S,true,2017-07-17,22
08 5 N,true,2017-07-17,9
08 6 N,true,2017-07-17,17
08 4 S,true,2017-07-17,12
08 4 N,true,2017-07-17,8
09 5 S,true,2017-07-17,10
09 6 S,true,2017-07-17,15
09 4 S,true,2017-07-17,12
09 5 N,true,2017-07-17,11
09 4 N,true,2017-07-17,10
09 6 N,true,2017-07-17,19
10 5 N,true,2017-07-17,10
10 4 N,true,2017-07-17,12
10 5 S,true,2017-07-17,7
10 6 S,true,2017-07-17,11
10 4 S,true,2017-07-17,8
10 6 N,true,2017-07-17,15
11 6 S,true,2017-07-17,17
11 5 S,true,2017-07-17,7
11 4 S,true,2017-07-17,7
11 4 N,true,2017-07-17,8
11 5 N,true,2017-07-17,6
12 5 S,true,2017-07-17,7
11 6 N,true,2017-07-17,12
12 4 S,true,2017-07-17,7
12 6 S,true,2017-07-17,13
12 5 N,true,2017-07-17,8
12 4 N,true,2017-07-17,7
12 6 N,true,2017-07-17,16
13 5 S,true,2017-07-17,7
13 6 S,true,2017-07-17,15
13 4 N,true,2017-07-17,7
13 4 S,true,2017-07-17,5
13 5 N,true,2017-07-17,6
13 6 N,true,2017-07-17,13
14 5 S,true,2017-07-17,7
14 4 N,true,2017-07-17,8
14 4 S,true,2017-07-17,8
14 6 S,true,2017-07-17,14
14 5 N,true,2017-07-17,8
14 6 N,true,2017-07-17,15
15 5 S,true,2017-07-17,11
15 6 S,true,2017-07-17,15
16 4 N,true,2017-07-17,11
15 4 S,true,2017-07-17,8
15 4 N,true,2017-07-17,7
15 5 N,true,2017-07-17,6
15 6 N,true,2017-07-17,15
16 5 S,true,2017-07-17,9
16 5 N,true,2017-07-17,10
16 6 S,true,2017-07-17,17
16 4 S,true,2017-07-17,13
16 6 N,true,2017-07-17,15
17 6 S,true,2017-07-17,19
17 5 S,true,2017-07-17,7
17 5 N,true,2017-07-17,9
17 4 S,true,2017-07-17,10
17 4 N,true,2017-07-17,10
17 6 N,true,2017-07-17,20
18 5 N,true,2017-07-17,10
18 5 S,true,2017-07-17,7
18 4 S,true,2017-07-17,10
18 4 N,true,2017-07-17,9
18 6 S,true,2017-07-17,14
18 6 N,true,2017-07-17,15
19 5 S,true,2017-07-17,6
19 6 S,true,2017-07-17,12
19 4 N,true,2017-07-17,8
19 4 S,true,2017-07-17,10
19 5 N,true,2017-07-17,7
19 6 N,true,2017-07-17,13
20 6 S,true,2017-07-17,10
20 5 S,true,2017-07-17,5
20 4 S,true,2017-07-17,6
20 5 N,true,2017-07-17,6
20 4 N,true,2017-07-17,9
20 6 N,true,2017-07-17,11
19 0 N,true,2017-07-17,1
21 6 S,true,2017-07-17,10
21 5 S,true,2017-07-17,6
21 5 N,true,2017-07-17,6
21 4 N,true,2017-07-17,5
21 4 S,true,2017-07-17,6
21 6 N,true,2017-07-17,11
22 6 S,true,2017-07-17,8
22 5 S,true,2017-07-17,5
22 4 N,true,2017-07-17,7
22 4 S,true,2017-07-17,6
22 5 N,true,2017-07-17,6
22 6 N,true,2017-07-17,9
23 4 N,true,2017-07-17,9
23 6 S,true,2017-07-17,6
23 5 N,true,2017-07-17,3
23 6 N,true,2017-07-17,7
00 0 N,true,2017-07-18,3
00 4 S,true,2017-07-18,3
00 4 N,true,2017-07-18,1
01 4 S,true,2017-07-18,3
01 4 N,true,2017-07-18,2
01 6 S,true,2017-07-18,4
00 6 N,true,2017-07-18,3
02 4 N,true,2017-07-18,2
01 6 N,true,2017-07-18,2
02 4 S,true,2017-07-18,3
02 6 S,true,2017-07-18,2
03 4 N,true,2017-07-18,3
02 6 N,true,2017-07-18,3
03 4 S,true,2017-07-18,2
03 6 N,true,2017-07-18,2
03 6 S,true,2017-07-18,3
04 4 N,true,2017-07-18,4
04 4 S,true,2017-07-18,4
04 6 S,true,2017-07-18,3
04 6 N,true,2017-07-18,3
05 4 N,true,2017-07-18,5
05 4 S,true,2017-07-18,6
05 6 S,true,2017-07-18,4
05 6 N,true,2017-07-18,3
05 5 S,true,2017-07-18,2
06 6 S,true,2017-07-18,10
06 4 N,true,2017-07-18,5
06 5 S,true,2017-07-18,3
06 4 S,true,2017-07-18,7
06 5 N,true,2017-07-18,2
06 6 N,true,2017-07-18,7
07 5 S,true,2017-07-18,11
07 5 N,true,2017-07-18,5
07 4 N,true,2017-07-18,7
07 4 S,true,2017-07-18,12
07 6 S,true,2017-07-18,15
07 6 N,true,2017-07-18,13
08 5 S,true,2017-07-18,12
08 4 S,true,2017-07-18,12
08 6 S,true,2017-07-18,20
08 4 N,true,2017-07-18,12
08 5 N,true,2017-07-18,9
08 6 N,true,2017-07-18,17
09 5 S,true,2017-07-18,9
09 6 S,true,2017-07-18,17
09 5 N,true,2017-07-18,12
09 4 S,true,2017-07-18,10
09 6 N,true,2017-07-18,20
09 4 N,true,2017-07-18,10
10 5 S,true,2017-07-18,8
10 4 S,true,2017-07-18,9
10 5 N,true,2017-07-18,9
10 4 N,true,2017-07-18,10
10 6 N,true,2017-07-18,16
10 6 S,true,2017-07-18,14
11 5 S,true,2017-07-18,8
11 6 S,true,2017-07-18,16
11 4 S,true,2017-07-18,7
11 5 N,true,2017-07-18,6
11 4 N,true,2017-07-18,10
11 6 N,true,2017-07-18,14
11 2 N,true,2017-07-18,4
12 5 N,true,2017-07-18,9
12 4 S,true,2017-07-18,6
12 5 S,true,2017-07-18,6
12 6 S,true,2017-07-18,14
16 4 N,true,2017-07-18,9
12 4 N,true,2017-07-18,8
12 6 N,true,2017-07-18,15
13 5 S,true,2017-07-18,8
13 6 S,true,2017-07-18,16
13 4 S,true,2017-07-18,8
13 4 N,true,2017-07-18,6
13 5 N,true,2017-07-18,6
13 6 N,true,2017-07-18,15
14 4 N,true,2017-07-18,7
14 4 S,true,2017-07-18,8
14 5 S,true,2017-07-18,7
14 6 S,true,2017-07-18,15
13 0 N,true,2017-07-18,1
14 5 N,true,2017-07-18,7
14 6 N,true,2017-07-18,14
15 5 S,true,2017-07-18,8
15 6 S,true,2017-07-18,14
15 5 N,true,2017-07-18,8
15 4 S,true,2017-07-18,6
15 4 N,true,2017-07-18,7
15 6 N,true,2017-07-18,16
16 6 S,true,2017-07-18,9
16 5 S,true,2017-07-18,7
16 5 N,true,2017-07-18,7
16 4 S,true,2017-07-18,13
17 6 S,true,2017-07-18,17
16 6 N,true,2017-07-18,9
17 4 N,true,2017-07-18,8
17 4 S,true,2017-07-18,13
17 5 S,true,2017-07-18,6
17 5 N,true,2017-07-18,11
17 6 N,true,2017-07-18,15
18 6 S,true,2017-07-18,12
18 5 N,true,2017-07-18,8
18 4 N,true,2017-07-18,13
18 4 S,true,2017-07-18,8
18 5 S,true,2017-07-18,4
18 6 N,true,2017-07-18,14
19 6 S,true,2017-07-18,12
17 0 N,true,2017-07-18,1
19 5 S,true,2017-07-18,8
18 0 N,true,2017-07-18,5
19 5 N,true,2017-07-18,8
19 4 S,true,2017-07-18,9
19 4 N,true,2017-07-18,12
19 6 N,true,2017-07-18,12
20 6 S,true,2017-07-18,11
20 5 S,true,2017-07-18,5
20 4 S,true,2017-07-18,9
20 5 N,true,2017-07-18,7
20 4 N,true,2017-07-18,8
20 6 N,true,2017-07-18,11
21 6 S,true,2017-07-18,8
21 5 S,true,2017-07-18,7
21 5 N,true,2017-07-18,6
21 4 N,true,2017-07-18,8
21 4 S,true,2017-07-18,6
21 6 N,true,2017-07-18,10
22 6 S,true,2017-07-18,9
22 5 S,true,2017-07-18,4
22 5 N,true,2017-07-18,6
22 6 N,true,2017-07-18,8
22 4 S,true,2017-07-18,6
22 4 N,true,2017-07-18,2
23 4 N,true,2017-07-18,6
23 6 S,true,2017-07-18,5
23 4 S,true,2017-07-18,5
23 5 N,true,2017-07-18,3
23 6 N,true,2017-07-18,7
00 6 N,true,2017-07-19,6
00 6 S,true,2017-07-19,3
01 6 S,true,2017-07-19,3
01 4 S,true,2017-07-19,2
01 4 N,true,2017-07-19,1
02 4 N,true,2017-07-19,3
01 6 N,true,2017-07-19,4
02 6 S,true,2017-07-19,3
02 4 S,true,2017-07-19,3
02 6 N,true,2017-07-19,3
03 6 S,true,2017-07-19,3
03 4 N,true,2017-07-19,3
03 4 S,true,2017-07-19,2
03 6 N,true,2017-07-19,3
04 4 N,true,2017-07-19,3
04 6 S,true,2017-07-19,3
04 4 S,true,2017-07-19,4
04 6 N,true,2017-07-19,3
05 4 N,true,2017-07-19,3
05 6 S,true,2017-07-19,6
05 4 S,true,2017-07-19,6
05 6 N,true,2017-07-19,4
06 4 N,true,2017-07-19,6
05 5 S,true,2017-07-19,2
06 6 S,true,2017-07-19,9
06 5 S,true,2017-07-19,7
06 4 S,true,2017-07-19,7
06 5 N,true,2017-07-19,3
06 6 N,true,2017-07-19,7
07 5 S,true,2017-07-19,10
07 4 N,true,2017-07-19,7
07 4 S,true,2017-07-19,12
07 6 S,true,2017-07-19,13
07 5 N,true,2017-07-19,5
07 6 N,true,2017-07-19,12
08 4 N,true,2017-07-19,11
08 5 S,true,2017-07-19,13
08 6 S,true,2017-07-19,21
08 4 S,true,2017-07-19,12
08 5 N,true,2017-07-19,10
08 6 N,true,2017-07-19,13
09 5 S,true,2017-07-19,9
09 6 S,true,2017-07-19,17
09 5 N,true,2017-07-19,12
09 4 S,true,2017-07-19,9
09 4 N,true,2017-07-19,12
09 6 N,true,2017-07-19,21
10 5 N,true,2017-07-19,9
10 5 S,true,2017-07-19,7
10 6 S,true,2017-07-19,12
10 4 S,true,2017-07-19,8
10 4 N,true,2017-07-19,10
10 6 N,true,2017-07-19,14
11 6 S,true,2017-07-19,16
11 5 S,true,2017-07-19,7
11 5 N,true,2017-07-19,7
11 4 S,true,2017-07-19,5
11 4 N,true,2017-07-19,8
11 6 N,true,2017-07-19,16
12 5 S,true,2017-07-19,8
12 6 S,true,2017-07-19,15
12 4 S,true,2017-07-19,7
12 5 N,true,2017-07-19,6
12 4 N,true,2017-07-19,7
12 6 N,true,2017-07-19,15
13 5 S,true,2017-07-19,6
13 6 S,true,2017-07-19,16
13 4 S,true,2017-07-19,8
13 5 N,true,2017-07-19,7
13 4 N,true,2017-07-19,5
13 6 N,true,2017-07-19,15
14 5 S,true,2017-07-19,8
14 4 S,true,2017-07-19,8
14 6 S,true,2017-07-19,14
14 5 N,true,2017-07-19,7
14 4 N,true,2017-07-19,9
14 6 N,true,2017-07-19,15
15 6 S,true,2017-07-19,15
15 5 N,true,2017-07-19,8
15 5 S,true,2017-07-19,7
15 4 S,true,2017-07-19,8
15 4 N,true,2017-07-19,6
16 4 N,true,2017-07-19,9
15 6 N,true,2017-07-19,14
16 5 S,true,2017-07-19,9
16 5 N,true,2017-07-19,6
16 6 S,true,2017-07-19,16
16 4 S,true,2017-07-19,11
16 6 N,true,2017-07-19,16
15 2 N,true,2017-07-19,2
17 5 S,true,2017-07-19,9
17 6 S,true,2017-07-19,19
17 4 S,true,2017-07-19,14
17 5 N,true,2017-07-19,9
17 4 N,true,2017-07-19,13
16 2 N,true,2017-07-19,2
17 6 N,true,2017-07-19,19
17 2 N,true,2017-07-19,2
18 6 S,true,2017-07-19,16
18 5 N,true,2017-07-19,10
18 5 S,true,2017-07-19,5
18 4 N,true,2017-07-19,10
18 4 S,true,2017-07-19,9
18 6 N,true,2017-07-19,18
19 5 N,true,2017-07-19,8
19 5 S,true,2017-07-19,5
19 6 S,true,2017-07-19,14
19 4 N,true,2017-07-19,11
19 4 S,true,2017-07-19,10
19 6 N,true,2017-07-19,14
20 5 S,true,2017-07-19,5
20 6 S,true,2017-07-19,11
20 4 S,true,2017-07-19,9
20 5 N,true,2017-07-19,6
20 4 N,true,2017-07-19,11
20 6 N,true,2017-07-19,13
21 5 S,true,2017-07-19,6
21 6 S,true,2017-07-19,10
21 4 N,true,2017-07-19,9
21 4 S,true,2017-07-19,6
21 5 N,true,2017-07-19,6
21 6 N,true,2017-07-19,11
22 5 S,true,2017-07-19,4
22 6 S,true,2017-07-19,7
22 4 S,true,2017-07-19,10
22 4 N,true,2017-07-19,5
22 6 N,true,2017-07-19,8
22 5 N,true,2017-07-19,4
23 4 N,true,2017-07-19,5
23 4 S,true,2017-07-19,5
23 6 S,true,2017-07-19,4
23 5 N,true,2017-07-19,3
23 6 N,true,2017-07-19,6
23 4 N,true,2017-07-20,6
17 6 N,true,2017-07-20,19
01 4 S,true,2017-07-20,3
00 6 N,true,2017-07-20,1
02 4 N,true,2017-07-20,3
01 6 N,true,2017-07-20,3
01 6 S,true,2017-07-20,1
02 4 S,true,2017-07-20,2
02 6 S,true,2017-07-20,3
02 6 N,true,2017-07-20,3
01 4 N,true,2017-07-20,1
03 4 N,true,2017-07-20,3
03 4 S,true,2017-07-20,3
03 6 S,true,2017-07-20,3
03 6 N,true,2017-07-20,3
04 4 N,true,2017-07-20,3
04 4 S,true,2017-07-20,3
04 6 S,true,2017-07-20,3
04 6 N,true,2017-07-20,3
05 4 N,true,2017-07-20,5
05 4 S,true,2017-07-20,5
05 6 S,true,2017-07-20,5
05 6 N,true,2017-07-20,4
05 5 S,true,2017-07-20,2
06 6 N,true,2017-07-20,6
06 6 S,true,2017-07-20,9
06 4 S,true,2017-07-20,9
06 4 N,true,2017-07-20,4
06 5 S,true,2017-07-20,7
06 5 N,true,2017-07-20,3
07 5 S,true,2017-07-20,9
07 4 N,true,2017-07-20,8
07 6 S,true,2017-07-20,15
07 4 S,true,2017-07-20,10
07 5 N,true,2017-07-20,5
07 6 N,true,2017-07-20,13
08 5 S,true,2017-07-20,13
08 4 S,true,2017-07-20,11
08 6 S,true,2017-07-20,19
08 5 N,true,2017-07-20,7
08 4 N,true,2017-07-20,11
08 6 N,true,2017-07-20,15
09 5 S,true,2017-07-20,8
09 6 S,true,2017-07-20,17
09 4 S,true,2017-07-20,11
09 5 N,true,2017-07-20,14
09 4 N,true,2017-07-20,9
09 6 N,true,2017-07-20,18
10 5 N,true,2017-07-20,8
10 6 S,true,2017-07-20,16
10 4 S,true,2017-07-20,6
10 4 N,true,2017-07-20,11
10 5 S,true,2017-07-20,6
10 6 N,true,2017-07-20,16
11 6 S,true,2017-07-20,16
11 5 N,true,2017-07-20,7
11 4 S,true,2017-07-20,7
11 5 S,true,2017-07-20,7
11 4 N,true,2017-07-20,9
11 6 N,true,2017-07-20,13
12 5 S,true,2017-07-20,7
12 4 S,true,2017-07-20,8
12 6 S,true,2017-07-20,14
12 5 N,true,2017-07-20,5
12 4 N,true,2017-07-20,7
12 6 N,true,2017-07-20,16
13 5 S,true,2017-07-20,8
13 6 S,true,2017-07-20,14
13 5 N,true,2017-07-20,8
13 4 N,true,2017-07-20,7
13 4 S,true,2017-07-20,6
13 6 N,true,2017-07-20,15
14 5 S,true,2017-07-20,9
14 4 S,true,2017-07-20,8
14 6 S,true,2017-07-20,15
14 5 N,true,2017-07-20,5
14 4 N,true,2017-07-20,7
14 6 N,true,2017-07-20,14
15 5 N,true,2017-07-20,7
15 6 S,true,2017-07-20,14
15 5 S,true,2017-07-20,9
15 4 S,true,2017-07-20,8
15 4 N,true,2017-07-20,10
15 6 N,true,2017-07-20,15
16 5 S,true,2017-07-20,8
16 6 S,true,2017-07-20,19
16 4 S,true,2017-07-20,11
15 2 N,true,2017-07-20,2
16 5 N,true,2017-07-20,9
16 4 N,true,2017-07-20,8
16 6 N,true,2017-07-20,12
17 5 S,true,2017-07-20,7
17 4 S,true,2017-07-20,10
17 5 N,true,2017-07-20,13
17 6 S,true,2017-07-20,18
17 4 N,true,2017-07-20,10
16 0 N,true,2017-07-20,2
18 4 S,true,2017-07-20,12
18 5 N,true,2017-07-20,6
18 6 S,true,2017-07-20,12
18 4 N,true,2017-07-20,9
18 5 S,true,2017-07-20,4
18 6 N,true,2017-07-20,15
19 5 S,true,2017-07-20,8
19 5 N,true,2017-07-20,7
19 4 N,true,2017-07-20,13
19 4 S,true,2017-07-20,10
19 6 S,true,2017-07-20,13
19 6 N,true,2017-07-20,13
20 5 N,true,2017-07-20,7
20 5 S,true,2017-07-20,4
20 6 S,true,2017-07-20,8
20 4 S,true,2017-07-20,8
20 4 N,true,2017-07-20,9
20 6 N,true,2017-07-20,15
21 6 S,true,2017-07-20,11
21 5 S,true,2017-07-20,6
21 4 S,true,2017-07-20,7
21 5 N,true,2017-07-20,8
21 4 N,true,2017-07-20,10
21 6 N,true,2017-07-20,10
22 5 S,true,2017-07-20,5
22 6 S,true,2017-07-20,8
22 4 S,true,2017-07-20,6
22 4 N,true,2017-07-20,6
22 6 N,true,2017-07-20,8
22 5 N,true,2017-07-20,5
23 4 S,true,2017-07-20,5
23 6 S,true,2017-07-20,5
23 5 N,true,2017-07-20,4
23 6 N,true,2017-07-20,7
00 6 N,true,2017-07-21,4
00 4 S,true,2017-07-21,4
01 4 N,true,2017-07-21,4
00 4 N,true,2017-07-21,2
00 6 S,true,2017-07-21,3
01 6 S,true,2017-07-21,4
01 4 S,true,2017-07-21,2
01 6 N,true,2017-07-21,3
02 4 N,true,2017-07-21,3
02 4 S,true,2017-07-21,4
02 6 S,true,2017-07-21,3
02 6 N,true,2017-07-21,3
03 4 N,true,2017-07-21,3
03 4 S,true,2017-07-21,2
03 6 S,true,2017-07-21,3
03 6 N,true,2017-07-21,3
04 4 N,true,2017-07-21,3
04 4 S,true,2017-07-21,4
04 6 S,true,2017-07-21,3
04 6 N,true,2017-07-21,3
05 4 N,true,2017-07-21,4
05 4 S,true,2017-07-21,6
05 6 S,true,2017-07-21,6
05 6 N,true,2017-07-21,4
05 5 S,true,2017-07-21,2
06 6 S,true,2017-07-21,9
06 4 N,true,2017-07-21,5
06 5 S,true,2017-07-21,6
06 4 S,true,2017-07-21,6
06 5 N,true,2017-07-21,3
06 6 N,true,2017-07-21,7
07 5 S,true,2017-07-21,10
07 4 N,true,2017-07-21,8
07 4 S,true,2017-07-21,12
07 6 S,true,2017-07-21,15
07 5 N,true,2017-07-21,5
07 6 N,true,2017-07-21,13
08 5 S,true,2017-07-21,13
08 4 S,true,2017-07-21,13
08 6 S,true,2017-07-21,21
08 4 N,true,2017-07-21,11
08 5 N,true,2017-07-21,9
08 6 N,true,2017-07-21,16
09 4 S,true,2017-07-21,12
09 5 S,true,2017-07-21,8
09 5 N,true,2017-07-21,11
09 4 N,true,2017-07-21,11
09 6 S,true,2017-07-21,17
09 6 N,true,2017-07-21,22
10 5 N,true,2017-07-21,10
10 5 S,true,2017-07-21,6
10 6 S,true,2017-07-21,14
10 4 S,true,2017-07-21,8
10 4 N,true,2017-07-21,11
09 2 S,true,2017-07-21,2
10 6 N,true,2017-07-21,14
11 6 S,true,2017-07-21,13
11 6 N,true,2017-07-21,16
11 5 S,true,2017-07-21,8
11 4 N,true,2017-07-21,10
11 4 S,true,2017-07-21,7
11 5 N,true,2017-07-21,7
12 5 S,true,2017-07-21,8
12 4 S,true,2017-07-21,8
12 5 N,true,2017-07-21,6
12 4 N,true,2017-07-21,9
12 6 S,true,2017-07-21,15
12 6 N,true,2017-07-21,13
13 5 S,true,2017-07-21,7
13 6 S,true,2017-07-21,15
13 5 N,true,2017-07-21,7
13 4 S,true,2017-07-21,6
13 4 N,true,2017-07-21,6
13 6 N,true,2017-07-21,15
14 5 S,true,2017-07-21,7
14 4 S,true,2017-07-21,8
14 5 N,true,2017-07-21,7
14 4 N,true,2017-07-21,8
14 6 S,true,2017-07-21,16
14 6 N,true,2017-07-21,15
15 5 N,true,2017-07-21,9
15 4 S,true,2017-07-21,9
15 5 S,true,2017-07-21,8
15 4 N,true,2017-07-21,8
15 6 N,true,2017-07-21,16
15 6 S,true,2017-07-21,14
16 5 S,true,2017-07-21,10
16 6 S,true,2017-07-21,18
16 4 N,true,2017-07-21,9
16 4 S,true,2017-07-21,11
16 5 N,true,2017-07-21,7
16 6 N,true,2017-07-21,13
17 5 S,true,2017-07-21,8
17 6 S,true,2017-07-21,20
17 4 S,true,2017-07-21,13
17 5 N,true,2017-07-21,11
17 4 N,true,2017-07-21,11
17 6 N,true,2017-07-21,19
18 6 S,true,2017-07-21,12
18 5 S,true,2017-07-21,6
18 5 N,true,2017-07-21,8
18 4 S,true,2017-07-21,10
18 4 N,true,2017-07-21,11
18 6 N,true,2017-07-21,18
19 5 N,true,2017-07-21,7
19 5 S,true,2017-07-21,7
19 6 S,true,2017-07-21,12
19 4 S,true,2017-07-21,10
19 4 N,true,2017-07-21,11
19 6 N,true,2017-07-21,11
20 5 N,true,2017-07-21,6
20 5 S,true,2017-07-21,4
20 6 S,true,2017-07-21,11
20 4 S,true,2017-07-21,9
19 2 N,true,2017-07-21,1
20 4 N,true,2017-07-21,11
20 6 N,true,2017-07-21,14
21 6 S,true,2017-07-21,9
21 5 S,true,2017-07-21,6
21 4 N,true,2017-07-21,8
21 4 S,true,2017-07-21,6
21 5 N,true,2017-07-21,9
21 6 N,true,2017-07-21,11
22 5 S,true,2017-07-21,5
22 6 S,true,2017-07-21,8
23 6 S,true,2017-07-21,6
22 4 S,true,2017-07-21,6
22 4 N,true,2017-07-21,7
22 5 N,true,2017-07-21,4
22 6 N,true,2017-07-21,6
23 4 S,true,2017-07-21,5
23 4 N,true,2017-07-21,5
23 5 N,true,2017-07-21,5
23 5 S,true,2017-07-21,3
23 6 N,true,2017-07-21,9
23 2 N,true,2017-07-21,1
00 2 S,false,2017-07-22,5
00 2 N,false,2017-07-22,4
01 2 N,false,2017-07-22,5
00 4 N,false,2017-07-22,4
00 4 S,false,2017-07-22,4
01 4 N,false,2017-07-22,3
01 4 S,false,2017-07-22,3
00 5 N,false,2017-07-22,2
00 6 N,false,2017-07-22,6
00 6 S,false,2017-07-22,6
01 6 S,false,2017-07-22,3
01 2 S,false,2017-07-22,2
01 6 N,false,2017-07-22,4
02 4 N,false,2017-07-22,3
02 2 S,false,2017-07-22,1
02 6 S,false,2017-07-22,1
02 4 S,false,2017-07-22,2
03 2 S,false,2017-07-22,4
02 2 N,false,2017-07-22,4
02 6 N,false,2017-07-22,3
03 6 S,false,2017-07-22,4
03 4 N,false,2017-07-22,4
03 4 S,false,2017-07-22,4
03 2 N,false,2017-07-22,2
04 2 S,false,2017-07-22,3
04 4 N,false,2017-07-22,2
04 4 S,false,2017-07-22,2
03 6 N,false,2017-07-22,1
04 2 N,false,2017-07-22,2
04 6 N,false,2017-07-22,4
04 6 S,false,2017-07-22,3
05 2 S,false,2017-07-22,3
05 4 N,false,2017-07-22,2
05 4 S,false,2017-07-22,2
05 2 N,false,2017-07-22,3
05 6 N,false,2017-07-22,3
05 6 S,false,2017-07-22,3
06 2 S,false,2017-07-22,2
06 4 N,false,2017-07-22,3
06 6 N,false,2017-07-22,4
06 2 N,false,2017-07-22,4
06 4 S,false,2017-07-22,6
06 6 S,false,2017-07-22,7
07 4 N,false,2017-07-22,5
07 6 N,false,2017-07-22,7
07 4 S,false,2017-07-22,7
07 2 N,false,2017-07-22,4
07 6 S,false,2017-07-22,7
08 2 N,false,2017-07-22,5
08 4 N,false,2017-07-22,7
08 4 S,false,2017-07-22,7
08 6 N,false,2017-07-22,8
08 6 S,false,2017-07-22,7
09 4 N,false,2017-07-22,8
09 2 N,false,2017-07-22,5
09 4 S,false,2017-07-22,7
09 6 N,false,2017-07-22,7
09 6 S,false,2017-07-22,8
10 2 N,false,2017-07-22,5
09 5 S,false,2017-07-22,1
10 4 N,false,2017-07-22,6
10 4 S,false,2017-07-22,8
10 6 N,false,2017-07-22,8
10 6 S,false,2017-07-22,7
11 2 N,false,2017-07-22,5
11 4 N,false,2017-07-22,6
11 4 S,false,2017-07-22,6
11 6 N,false,2017-07-22,7
11 6 S,false,2017-07-22,7
12 4 N,false,2017-07-22,9
12 6 N,false,2017-07-22,7
12 2 N,false,2017-07-22,5
12 4 S,false,2017-07-22,7
12 6 S,false,2017-07-22,8
13 2 N,false,2017-07-22,4
13 4 N,false,2017-07-22,7
13 4 S,false,2017-07-22,7
13 6 N,false,2017-07-22,8
13 6 S,false,2017-07-22,6
14 2 N,false,2017-07-22,2
14 4 S,false,2017-07-22,8
14 4 N,false,2017-07-22,7
14 6 N,false,2017-07-22,6
14 6 S,false,2017-07-22,8
15 4 N,false,2017-07-22,7
15 4 S,false,2017-07-22,7
15 6 N,false,2017-07-22,7
15 2 N,false,2017-07-22,1
15 6 S,false,2017-07-22,7
16 4 N,false,2017-07-22,5
16 4 S,false,2017-07-22,4
16 2 N,false,2017-07-22,4
16 2 S,false,2017-07-22,2
16 6 N,false,2017-07-22,5
16 6 S,false,2017-07-22,5
21 6 N,false,2017-07-23,5
21 4 N,false,2017-07-23,5
21 4 S,false,2017-07-23,4
22 4 N,false,2017-07-23,5
22 4 S,false,2017-07-23,5
00 2 S,false,2017-07-23,1
01 2 S,false,2017-07-23,3
00 2 N,false,2017-07-23,1
01 2 N,false,2017-07-23,3
00 6 S,false,2017-07-23,1
01 6 N,false,2017-07-23,4
00 4 S,false,2017-07-23,2
01 4 N,false,2017-07-23,4
01 4 S,false,2017-07-23,3
02 4 N,false,2017-07-23,3
00 4 N,false,2017-07-23,1
01 6 S,false,2017-07-23,3
02 2 N,false,2017-07-23,3
02 4 S,false,2017-07-23,2
03 2 N,false,2017-07-23,3
02 6 S,false,2017-07-23,3
02 6 N,false,2017-07-23,3
03 2 S,false,2017-07-23,4
03 4 N,false,2017-07-23,3
03 4 S,false,2017-07-23,3
03 6 N,false,2017-07-23,3
03 6 S,false,2017-07-23,3
04 4 N,false,2017-07-23,4
04 4 S,false,2017-07-23,4
04 2 S,false,2017-07-23,3
04 2 N,false,2017-07-23,3
04 6 S,false,2017-07-23,3
04 6 N,false,2017-07-23,3
05 2 S,false,2017-07-23,3
05 4 N,false,2017-07-23,2
05 4 S,false,2017-07-23,3
05 2 N,false,2017-07-23,3
05 6 S,false,2017-07-23,3
05 6 N,false,2017-07-23,3
06 4 N,false,2017-07-23,4
06 2 S,false,2017-07-23,4
06 2 N,false,2017-07-23,4
06 4 S,false,2017-07-23,4
06 6 S,false,2017-07-23,4
06 6 N,false,2017-07-23,3
07 2 S,false,2017-07-23,3
07 4 N,false,2017-07-23,3
07 2 N,false,2017-07-23,3
07 4 S,false,2017-07-23,4
07 6 N,false,2017-07-23,3
08 2 S,false,2017-07-23,5
08 4 N,false,2017-07-23,4
08 2 N,false,2017-07-23,4
08 4 S,false,2017-07-23,5
08 6 N,false,2017-07-23,5
07 6 S,false,2017-07-23,2
09 2 S,false,2017-07-23,5
08 6 S,false,2017-07-23,6
09 4 N,false,2017-07-23,5
09 2 N,false,2017-07-23,5
09 4 S,false,2017-07-23,5
09 6 N,false,2017-07-23,6
10 2 S,false,2017-07-23,4
09 6 S,false,2017-07-23,6
10 2 N,false,2017-07-23,5
10 4 N,false,2017-07-23,5
10 4 S,false,2017-07-23,6
10 6 N,false,2017-07-23,8
11 2 S,false,2017-07-23,6
10 6 S,false,2017-07-23,8
11 2 N,false,2017-07-23,6
11 4 N,false,2017-07-23,8
11 4 S,false,2017-07-23,7
11 6 N,false,2017-07-23,7
11 6 S,false,2017-07-23,8
12 2 S,false,2017-07-23,5
12 4 N,false,2017-07-23,6
12 4 S,false,2017-07-23,7
12 2 N,false,2017-07-23,3
12 6 N,false,2017-07-23,8
12 6 S,false,2017-07-23,8
13 2 S,false,2017-07-23,4
13 2 N,false,2017-07-23,5
13 4 N,false,2017-07-23,8
13 4 S,false,2017-07-23,7
13 6 N,false,2017-07-23,7
13 6 S,false,2017-07-23,7
14 2 S,false,2017-07-23,6
14 2 N,false,2017-07-23,5
14 4 N,false,2017-07-23,6
14 4 S,false,2017-07-23,7
14 6 N,false,2017-07-23,8
14 6 S,false,2017-07-23,8
15 2 S,false,2017-07-23,5
15 2 N,false,2017-07-23,5
15 4 N,false,2017-07-23,8
15 4 S,false,2017-07-23,7
15 6 N,false,2017-07-23,7
15 6 S,false,2017-07-23,7
16 2 S,false,2017-07-23,5
16 2 N,false,2017-07-23,6
16 4 N,false,2017-07-23,6
16 4 S,false,2017-07-23,6
16 6 N,false,2017-07-23,8
16 6 S,false,2017-07-23,8
17 2 S,false,2017-07-23,4
17 2 N,false,2017-07-23,4
17 4 N,false,2017-07-23,8
17 4 S,false,2017-07-23,7
17 6 N,false,2017-07-23,7
17 6 S,false,2017-07-23,6
18 2 S,false,2017-07-23,5
18 2 N,false,2017-07-23,6
18 4 N,false,2017-07-23,6
18 4 S,false,2017-07-23,6
18 6 N,false,2017-07-23,7
18 6 S,false,2017-07-23,7
19 2 S,false,2017-07-23,5
19 4 N,false,2017-07-23,6
19 4 S,false,2017-07-23,5
19 2 N,false,2017-07-23,4
19 6 N,false,2017-07-23,7
19 6 S,false,2017-07-23,6
20 2 S,false,2017-07-23,5
20 2 N,false,2017-07-23,6
20 4 N,false,2017-07-23,5
20 4 S,false,2017-07-23,6
20 6 N,false,2017-07-23,5
20 6 S,false,2017-07-23,5
21 2 S,false,2017-07-23,5
21 2 N,false,2017-07-23,4
21 6 S,false,2017-07-23,5
22 2 S,false,2017-07-23,4
22 2 N,false,2017-07-23,5
22 6 N,false,2017-07-23,5
23 2 S,false,2017-07-23,5
22 6 S,false,2017-07-23,5
23 4 N,false,2017-07-23,5
23 2 N,false,2017-07-23,5
23 4 S,false,2017-07-23,4
23 6 N,false,2017-07-23,4
23 6 S,false,2017-07-23,3
23 5 N,false,2017-07-23,1
00 2 N,true,2017-07-24,5
01 2 N,true,2017-07-24,3
00 2 S,true,2017-07-24,4
01 2 S,true,2017-07-24,3
00 6 S,true,2017-07-24,4
23 6 N,true,2017-07-24,8
00 4 S,true,2017-07-24,3
01 4 S,true,2017-07-24,3
01 4 N,true,2017-07-24,3
00 4 N,true,2017-07-24,3
00 5 N,true,2017-07-24,1
00 6 N,true,2017-07-24,4
01 6 N,true,2017-07-24,3
01 6 S,true,2017-07-24,4
02 4 N,true,2017-07-24,4
02 4 S,true,2017-07-24,3
02 2 S,true,2017-07-24,3
02 2 N,true,2017-07-24,3
02 6 S,true,2017-07-24,3
02 6 N,true,2017-07-24,3
03 4 S,true,2017-07-24,3
03 2 S,true,2017-07-24,2
03 4 N,true,2017-07-24,3
03 2 N,true,2017-07-24,3
03 6 N,true,2017-07-24,3
03 6 S,true,2017-07-24,3
04 2 S,true,2017-07-24,4
04 4 S,true,2017-07-24,3
04 4 N,true,2017-07-24,3
04 2 N,true,2017-07-24,3
04 6 N,true,2017-07-24,3
04 6 S,true,2017-07-24,3
05 4 S,true,2017-07-24,6
05 4 N,true,2017-07-24,4
05 2 N,true,2017-07-24,1
05 6 S,true,2017-07-24,6
05 6 N,true,2017-07-24,4
05 5 S,true,2017-07-24,1
06 5 S,true,2017-07-24,7
06 6 S,true,2017-07-24,8
06 4 S,true,2017-07-24,9
06 4 N,true,2017-07-24,5
06 5 N,true,2017-07-24,2
06 6 N,true,2017-07-24,7
07 5 S,true,2017-07-24,12
07 5 N,true,2017-07-24,6
07 4 N,true,2017-07-24,9
07 6 S,true,2017-07-24,14
07 4 S,true,2017-07-24,11
07 6 N,true,2017-07-24,11
08 5 S,true,2017-07-24,12
08 4 S,true,2017-07-24,13
08 6 S,true,2017-07-24,23
08 5 N,true,2017-07-24,10
08 4 N,true,2017-07-24,12
08 6 N,true,2017-07-24,18
09 4 S,true,2017-07-24,13
09 5 S,true,2017-07-24,9
09 5 N,true,2017-07-24,12
09 6 S,true,2017-07-24,16
09 4 N,true,2017-07-24,10
09 6 N,true,2017-07-24,21
10 5 N,true,2017-07-24,10
10 5 S,true,2017-07-24,7
10 6 S,true,2017-07-24,16
10 4 S,true,2017-07-24,8
10 4 N,true,2017-07-24,10
10 6 N,true,2017-07-24,15
11 5 S,true,2017-07-24,6
11 6 S,true,2017-07-24,15
11 4 N,true,2017-07-24,11
11 4 S,true,2017-07-24,8
11 5 N,true,2017-07-24,7
11 6 N,true,2017-07-24,13
12 5 S,true,2017-07-24,7
12 6 S,true,2017-07-24,15
12 5 N,true,2017-07-24,6
12 4 S,true,2017-07-24,7
12 4 N,true,2017-07-24,8
12 6 N,true,2017-07-24,16
13 5 S,true,2017-07-24,8
13 6 S,true,2017-07-24,15
13 5 N,true,2017-07-24,8
13 4 S,true,2017-07-24,8
16 4 N,true,2017-07-24,9
13 4 N,true,2017-07-24,7
13 6 N,true,2017-07-24,15
14 5 S,true,2017-07-24,8
14 6 S,true,2017-07-24,15
14 5 N,true,2017-07-24,8
14 4 N,true,2017-07-24,8
14 4 S,true,2017-07-24,7
14 6 N,true,2017-07-24,15
15 5 S,true,2017-07-24,12
15 6 S,true,2017-07-24,14
15 4 S,true,2017-07-24,8
15 4 N,true,2017-07-24,8
15 5 N,true,2017-07-24,7
15 6 N,true,2017-07-24,15
16 5 S,true,2017-07-24,9
16 4 S,true,2017-07-24,13
16 6 S,true,2017-07-24,19
16 5 N,true,2017-07-24,10
16 6 N,true,2017-07-24,11
17 5 S,true,2017-07-24,8
17 5 N,true,2017-07-24,12
17 6 S,true,2017-07-24,18
17 4 S,true,2017-07-24,12
17 4 N,true,2017-07-24,11
17 6 N,true,2017-07-24,20
18 6 S,true,2017-07-24,11
18 5 N,true,2017-07-24,8
18 4 N,true,2017-07-24,12
18 4 S,true,2017-07-24,10
18 5 S,true,2017-07-24,4
18 6 N,true,2017-07-24,13
19 6 S,true,2017-07-24,15
19 5 S,true,2017-07-24,8
19 5 N,true,2017-07-24,8
19 4 S,true,2017-07-24,10
19 4 N,true,2017-07-24,10
19 6 N,true,2017-07-24,15
20 5 S,true,2017-07-24,5
20 6 S,true,2017-07-24,11
20 4 S,true,2017-07-24,9
20 4 N,true,2017-07-24,10
20 5 N,true,2017-07-24,6
20 6 N,true,2017-07-24,12
21 5 S,true,2017-07-24,5
21 6 S,true,2017-07-24,9
21 5 N,true,2017-07-24,6
21 4 N,true,2017-07-24,9
21 4 S,true,2017-07-24,6
21 6 N,true,2017-07-24,12
22 4 S,true,2017-07-24,6
22 5 S,true,2017-07-24,4
22 4 N,true,2017-07-24,7
22 6 S,true,2017-07-24,8
22 6 N,true,2017-07-24,8
22 5 N,true,2017-07-24,5
23 6 S,true,2017-07-24,6
23 4 S,true,2017-07-24,5
23 4 N,true,2017-07-24,6
23 5 N,true,2017-07-24,2
01 4 N,true,2017-07-25,4
00 4 S,true,2017-07-25,4
00 4 N,true,2017-07-25,3
09 6 N,true,2017-07-25,20
00 6 S,true,2017-07-25,1
01 4 S,true,2017-07-25,3
00 6 N,true,2017-07-25,1
01 6 N,true,2017-07-25,3
01 6 S,true,2017-07-25,2
02 4 N,true,2017-07-25,2
02 4 S,true,2017-07-25,3
02 6 S,true,2017-07-25,3
02 6 N,true,2017-07-25,3
03 4 N,true,2017-07-25,4
03 4 S,true,2017-07-25,3
03 6 S,true,2017-07-25,4
03 6 N,true,2017-07-25,3
04 4 N,true,2017-07-25,3
04 4 S,true,2017-07-25,2
04 6 N,true,2017-07-25,3
04 6 S,true,2017-07-25,2
05 4 S,true,2017-07-25,6
05 4 N,true,2017-07-25,4
05 6 S,true,2017-07-25,4
05 6 N,true,2017-07-25,4
05 5 S,true,2017-07-25,2
06 6 S,true,2017-07-25,10
06 4 S,true,2017-07-25,7
06 5 S,true,2017-07-25,7
06 4 N,true,2017-07-25,5
06 5 N,true,2017-07-25,3
06 6 N,true,2017-07-25,7
07 5 S,true,2017-07-25,10
07 4 N,true,2017-07-25,8
07 4 S,true,2017-07-25,12
07 6 S,true,2017-07-25,14
07 5 N,true,2017-07-25,6
09 4 S,true,2017-07-25,12
07 6 N,true,2017-07-25,11
08 5 S,true,2017-07-25,12
08 6 S,true,2017-07-25,22
08 5 N,true,2017-07-25,9
08 4 S,true,2017-07-25,13
08 6 N,true,2017-07-25,15
08 4 N,true,2017-07-25,7
09 5 S,true,2017-07-25,9
09 6 S,true,2017-07-25,18
09 5 N,true,2017-07-25,11
09 4 N,true,2017-07-25,10
10 4 S,true,2017-07-25,8
10 5 N,true,2017-07-25,8
10 5 S,true,2017-07-25,7
10 6 S,true,2017-07-25,13
09 0 N,true,2017-07-25,1
10 4 N,true,2017-07-25,9
10 6 N,true,2017-07-25,18
11 5 S,true,2017-07-25,8
11 6 S,true,2017-07-25,16
11 5 N,true,2017-07-25,9
11 4 S,true,2017-07-25,7
11 4 N,true,2017-07-25,9
11 6 N,true,2017-07-25,15
12 4 S,true,2017-07-25,7
12 5 S,true,2017-07-25,6
12 5 N,true,2017-07-25,7
12 6 S,true,2017-07-25,15
12 4 N,true,2017-07-25,9
12 6 N,true,2017-07-25,15
13 5 S,true,2017-07-25,8
13 6 S,true,2017-07-25,15
13 4 S,true,2017-07-25,8
13 5 N,true,2017-07-25,7
13 4 N,true,2017-07-25,8
16 4 N,true,2017-07-25,9
13 6 N,true,2017-07-25,15
14 4 S,true,2017-07-25,9
14 5 S,true,2017-07-25,6
14 6 S,true,2017-07-25,15
14 5 N,true,2017-07-25,6
14 4 N,true,2017-07-25,6
17 4 N,true,2017-07-25,11
14 6 N,true,2017-07-25,15
15 5 S,true,2017-07-25,11
15 5 N,true,2017-07-25,8
15 6 S,true,2017-07-25,14
15 4 S,true,2017-07-25,7
15 4 N,true,2017-07-25,7
15 6 N,true,2017-07-25,14
16 5 S,true,2017-07-25,9
16 6 S,true,2017-07-25,19
16 4 S,true,2017-07-25,12
16 5 N,true,2017-07-25,4
16 6 N,true,2017-07-25,9
17 5 N,true,2017-07-25,8
17 5 S,true,2017-07-25,8
17 6 S,true,2017-07-25,13
17 4 S,true,2017-07-25,11
17 6 N,true,2017-07-25,16
18 6 S,true,2017-07-25,11
18 5 N,true,2017-07-25,8
18 4 N,true,2017-07-25,13
18 4 S,true,2017-07-25,10
18 5 S,true,2017-07-25,4
18 6 N,true,2017-07-25,19
19 6 S,true,2017-07-25,15
19 5 S,true,2017-07-25,6
19 5 N,true,2017-07-25,7
19 4 S,true,2017-07-25,10
19 4 N,true,2017-07-25,8
19 6 N,true,2017-07-25,13
20 5 S,true,2017-07-25,5
20 6 S,true,2017-07-25,9
20 4 S,true,2017-07-25,9
20 4 N,true,2017-07-25,12
20 5 N,true,2017-07-25,6
20 6 N,true,2017-07-25,11
21 6 S,true,2017-07-25,11
21 5 S,true,2017-07-25,6
21 5 N,true,2017-07-25,6
21 4 N,true,2017-07-25,6
21 4 S,true,2017-07-25,6
21 6 N,true,2017-07-25,12
22 5 S,true,2017-07-25,5
22 6 S,true,2017-07-25,8
22 4 S,true,2017-07-25,11
22 4 N,true,2017-07-25,8
22 6 N,true,2017-07-25,8
22 5 N,true,2017-07-25,5
23 6 S,true,2017-07-25,5
23 4 S,true,2017-07-25,5
23 4 N,true,2017-07-25,6
23 5 N,true,2017-07-25,3
23 6 N,true,2017-07-25,7
00 6 N,true,2017-07-26,5
00 6 S,true,2017-07-26,3
00 4 S,true,2017-07-26,1
18 4 N,true,2017-07-26,7
19 4 N,true,2017-07-26,9
00 4 N,true,2017-07-26,2
01 6 S,true,2017-07-26,4
01 4 N,true,2017-07-26,2
01 6 N,true,2017-07-26,3
02 4 N,true,2017-07-26,2
02 6 S,true,2017-07-26,2
02 6 N,true,2017-07-26,3
03 4 N,true,2017-07-26,4
03 6 S,true,2017-07-26,3
03 6 N,true,2017-07-26,3
04 4 N,true,2017-07-26,3
04 6 N,true,2017-07-26,3
04 6 S,true,2017-07-26,2
05 4 N,true,2017-07-26,4
05 4 S,true,2017-07-26,5
05 6 S,true,2017-07-26,5
05 6 N,true,2017-07-26,4
05 5 S,true,2017-07-26,2
06 6 S,true,2017-07-26,9
06 4 N,true,2017-07-26,4
06 5 S,true,2017-07-26,6
06 4 S,true,2017-07-26,7
06 5 N,true,2017-07-26,3
06 6 N,true,2017-07-26,7
07 5 S,true,2017-07-26,11
07 4 N,true,2017-07-26,10
07 4 S,true,2017-07-26,11
07 6 S,true,2017-07-26,14
07 5 N,true,2017-07-26,5
07 6 N,true,2017-07-26,13
08 5 S,true,2017-07-26,10
08 6 S,true,2017-07-26,20
08 4 S,true,2017-07-26,10
08 5 N,true,2017-07-26,9
09 4 S,true,2017-07-26,12
08 4 N,true,2017-07-26,9
08 6 N,true,2017-07-26,10
09 5 S,true,2017-07-26,10
09 6 S,true,2017-07-26,17
09 4 N,true,2017-07-26,10
09 5 N,true,2017-07-26,12
09 6 N,true,2017-07-26,20
10 4 S,true,2017-07-26,9
10 5 N,true,2017-07-26,9
10 5 S,true,2017-07-26,7
10 6 S,true,2017-07-26,14
10 4 N,true,2017-07-26,11
09 0 N,true,2017-07-26,1
10 6 N,true,2017-07-26,16
11 5 S,true,2017-07-26,8
11 6 S,true,2017-07-26,14
11 5 N,true,2017-07-26,9
11 4 S,true,2017-07-26,7
11 4 N,true,2017-07-26,9
11 6 N,true,2017-07-26,16
12 4 S,true,2017-07-26,8
12 5 S,true,2017-07-26,7
12 6 S,true,2017-07-26,14
12 4 N,true,2017-07-26,8
12 5 N,true,2017-07-26,6
12 6 N,true,2017-07-26,14
13 5 S,true,2017-07-26,7
13 5 N,true,2017-07-26,7
13 6 S,true,2017-07-26,15
13 4 S,true,2017-07-26,7
13 4 N,true,2017-07-26,8
13 6 N,true,2017-07-26,15
14 4 S,true,2017-07-26,8
14 5 S,true,2017-07-26,7
14 6 S,true,2017-07-26,15
14 5 N,true,2017-07-26,7
14 4 N,true,2017-07-26,7
14 6 N,true,2017-07-26,15
15 5 S,true,2017-07-26,10
15 6 S,true,2017-07-26,14
15 5 N,true,2017-07-26,7
15 4 S,true,2017-07-26,9
15 4 N,true,2017-07-26,8
16 4 N,true,2017-07-26,9
15 6 N,true,2017-07-26,15
16 5 S,true,2017-07-26,11
16 4 S,true,2017-07-26,12
16 6 S,true,2017-07-26,17
16 5 N,true,2017-07-26,8
16 6 N,true,2017-07-26,14
17 6 S,true,2017-07-26,19
17 4 S,true,2017-07-26,13
17 5 S,true,2017-07-26,8
17 5 N,true,2017-07-26,10
17 4 N,true,2017-07-26,12
17 6 N,true,2017-07-26,20
18 5 N,true,2017-07-26,10
18 6 S,true,2017-07-26,12
18 5 S,true,2017-07-26,5
18 4 S,true,2017-07-26,6
18 6 N,true,2017-07-26,13
19 6 S,true,2017-07-26,15
19 4 S,true,2017-07-26,11
19 5 N,true,2017-07-26,8
19 5 S,true,2017-07-26,7
19 6 N,true,2017-07-26,15
20 4 S,true,2017-07-26,8
20 5 S,true,2017-07-26,5
20 6 S,true,2017-07-26,11
20 4 N,true,2017-07-26,9
20 5 N,true,2017-07-26,6
20 6 N,true,2017-07-26,11
21 5 S,true,2017-07-26,6
21 6 S,true,2017-07-26,8
21 4 S,true,2017-07-26,7
21 5 N,true,2017-07-26,7
21 4 N,true,2017-07-26,11
21 6 N,true,2017-07-26,13
22 6 S,true,2017-07-26,9
22 4 S,true,2017-07-26,6
22 5 S,true,2017-07-26,4
22 4 N,true,2017-07-26,6
22 5 N,true,2017-07-26,5
22 6 N,true,2017-07-26,6
23 6 S,true,2017-07-26,6
23 4 S,true,2017-07-26,5
23 4 N,true,2017-07-26,5
23 5 N,true,2017-07-26,2
23 6 N,true,2017-07-26,7
00 4 N,true,2017-07-27,4
00 4 S,true,2017-07-27,3
00 6 N,true,2017-07-27,6
00 6 S,true,2017-07-27,6
01 4 N,true,2017-07-27,3
01 6 N,true,2017-07-27,4
01 6 S,true,2017-07-27,3
01 4 S,true,2017-07-27,2
02 4 N,true,2017-07-27,3
02 6 N,true,2017-07-27,3
02 6 S,true,2017-07-27,3
02 4 S,true,2017-07-27,2
03 6 N,true,2017-07-27,3
04 4 N,true,2017-07-27,5
03 4 S,true,2017-07-27,4
03 6 S,true,2017-07-27,4
03 4 N,true,2017-07-27,2
04 6 N,true,2017-07-27,3
05 4 N,true,2017-07-27,3
05 4 S,true,2017-07-27,7
04 6 S,true,2017-07-27,3
05 6 S,true,2017-07-27,4
04 4 S,true,2017-07-27,2
05 6 N,true,2017-07-27,4
06 4 N,true,2017-07-27,5
05 5 S,true,2017-07-27,2
06 6 S,true,2017-07-27,9
06 5 S,true,2017-07-27,5
06 4 S,true,2017-07-27,7
06 5 N,true,2017-07-27,2
06 6 N,true,2017-07-27,7
07 6 S,true,2017-07-27,12
07 5 S,true,2017-07-27,10
07 4 N,true,2017-07-27,10
07 4 S,true,2017-07-27,11
07 5 N,true,2017-07-27,5
07 6 N,true,2017-07-27,9
08 5 S,true,2017-07-27,10
08 6 S,true,2017-07-27,18
08 4 S,true,2017-07-27,12
08 4 N,true,2017-07-27,10
08 5 N,true,2017-07-27,10
08 6 N,true,2017-07-27,15
09 6 S,true,2017-07-27,20
09 4 S,true,2017-07-27,13
09 5 S,true,2017-07-27,9
09 5 N,true,2017-07-27,13
09 4 N,true,2017-07-27,11
09 6 N,true,2017-07-27,19
10 5 S,true,2017-07-27,7
10 6 S,true,2017-07-27,12
10 4 S,true,2017-07-27,6
10 4 N,true,2017-07-27,11
10 5 N,true,2017-07-27,8
10 6 N,true,2017-07-27,17
11 6 S,true,2017-07-27,10
11 5 S,true,2017-07-27,4
11 4 S,true,2017-07-27,5
11 5 N,true,2017-07-27,4
11 4 N,true,2017-07-27,6
11 6 N,true,2017-07-27,8
13 4 S,true,2017-07-27,5
13 4 N,true,2017-07-27,4
14 4 S,true,2017-07-27,8
14 4 N,true,2017-07-27,5
13 5 S,true,2017-07-27,4
13 5 N,true,2017-07-27,6
14 5 S,true,2017-07-27,9
14 5 N,true,2017-07-27,5
13 6 N,true,2017-07-27,9
13 6 S,true,2017-07-27,9
14 6 S,true,2017-07-27,15
14 6 N,true,2017-07-27,14
15 5 N,true,2017-07-27,6
15 4 N,true,2017-07-27,7
15 6 S,true,2017-07-27,9
15 5 S,true,2017-07-27,6
15 4 S,true,2017-07-27,5
15 6 N,true,2017-07-27,11